Date,Max Temp (°C),Min Temp (°C),Rainfall (mm),Max Wind (km/h),City
2021-01-01,4.1,-2.4,0.4,10.0,London
2021-01-02,4.2,-1.0,0.0,13.2,London
2021-01-03,5.1,-2.0,0.6,19.7,London
2021-01-04,4.4,1.9,2.3,26.6,London
2021-01-05,3.8,0.9,1.9,24.3,London
2021-01-06,4.8,-0.5,3.4,18.5,London
2021-01-07,1.9,-2.3,0.0,11.2,London
2021-01-08,1.9,-2.3,0.0,8.4,London
2021-01-09,2.3,-3.3,0.0,9.7,London
2021-01-10,2.5,-1.2,0.0,10.8,London
2021-01-11,8.2,0.8,0.6,29.8,London
2021-01-12,8.9,-0.3,3.8,28.1,London
2021-01-13,8.9,-1.5,2.6,12.2,London
2021-01-14,8.9,2.0,27.6,22.0,London
2021-01-15,4.0,-0.3,0.0,13.5,London
2021-01-16,7.1,1.6,6.3,24.1,London
2021-01-17,7.2,2.1,0.0,18.2,London
2021-01-18,7.9,1.5,0.9,26.6,London
2021-01-19,10.9,8.4,2.4,34.9,London
2021-01-20,10.4,9.3,7.2,38.5,London
2021-01-21,8.9,3.7,2.3,41.4,London
2021-01-22,6.7,-0.3,0.7,13.1,London
2021-01-23,3.5,-2.7,0.0,18.9,London
2021-01-24,2.0,-3.9,4.5,17.1,London
2021-01-25,4.6,-2.5,0.7,17.5,London
2021-01-26,5.2,-2.0,4.1,20.4,London
2021-01-27,9.4,5.8,2.6,15.4,London
2021-01-28,12.6,7.6,14.6,28.9,London
2021-01-29,10.6,7.8,9.5,28.6,London
2021-01-30,7.2,2.8,15.4,30.8,London
2021-01-31,4.1,0.6,2.0,25.3,London
2021-02-01,4.7,2.3,0.0,14.1,London
2021-02-02,12.6,3.8,5.0,29.1,London
2021-02-03,9.3,4.8,2.5,25.5,London
2021-02-04,8.7,2.8,5.3,16.6,London
2021-02-05,9.9,5.1,0.9,15.9,London
2021-02-06,8.0,1.2,8.8,24.1,London
2021-02-07,3.8,-1.2,4.6,33.5,London
2021-02-08,-0.4,-2.0,0.5,28.3,London
2021-02-09,0.2,-3.2,1.0,20.2,London
2021-02-10,0.0,-9.8,0.0,19.5,London
2021-02-11,-0.6,-10.3,0.0,18.1,London
2021-02-12,0.3,-4.2,0.0,26.3,London
2021-02-13,0.2,-5.1,0.0,23.8,London
2021-02-14,5.0,-0.3,0.6,29.1,London
2021-02-15,12.6,4.9,1.8,23.4,London
2021-02-16,10.6,6.9,2.1,27.7,London
2021-02-17,10.6,6.7,3.0,31.6,London
2021-02-18,11.2,4.6,1.3,35.1,London
2021-02-19,10.6,4.3,1.0,33.3,London
2021-02-20,13.9,10.0,0.5,27.8,London
2021-02-21,14.2,6.7,0.4,21.2,London
2021-02-22,12.1,7.1,1.0,18.8,London
2021-02-23,12.6,5.9,0.0,31.5,London
2021-02-24,14.1,10.9,0.0,29.3,London
2021-02-25,12.0,5.2,0.3,22.9,London
2021-02-26,10.8,-0.6,0.0,11.2,London
2021-02-27,11.6,1.2,0.0,11.3,London
2021-02-28,9.4,1.2,0.0,16.8,London
2021-03-01,9.6,3.3,0.0,18.3,London
2021-03-02,9.8,1.8,0.0,11.6,London
2021-03-03,13.1,1.6,6.7,8.8,London
2021-03-04,5.8,4.2,1.7,17.8,London
2021-03-05,5.8,0.9,0.0,23.4,London
2021-03-06,6.3,0.2,0.0,12.4,London
2021-03-07,5.7,-1.0,0.0,8.9,London
2021-03-08,9.0,-2.5,0.1,9.8,London
2021-03-09,11.8,0.0,0.0,16.4,London
2021-03-10,10.7,4.9,6.0,37.2,London
2021-03-11,11.0,5.2,1.4,46.7,London
2021-03-12,9.9,4.3,1.0,38.1,London
2021-03-13,9.1,3.3,5.6,41.4,London
2021-03-14,10.1,3.5,1.8,29.0,London
2021-03-15,11.0,5.8,0.4,27.0,London
2021-03-16,13.4,4.5,0.5,26.7,London
2021-03-17,9.6,3.0,0.9,22.3,London
2021-03-18,9.4,3.1,1.0,22.7,London
2021-03-19,10.2,3.4,0.3,20.9,London
2021-03-20,10.1,0.2,0.0,11.2,London
2021-03-21,10.8,6.1,0.1,17.7,London
2021-03-22,11.9,2.8,0.0,12.4,London
2021-03-23,11.2,3.8,0.0,19.9,London
2021-03-24,12.6,2.8,0.1,21.2,London
2021-03-25,11.9,1.2,0.9,27.2,London
2021-03-26,11.0,4.5,4.3,37.4,London
2021-03-27,10.3,2.8,0.0,29.6,London
2021-03-28,13.1,7.9,0.0,39.4,London
2021-03-29,17.5,5.1,0.0,25.5,London
2021-03-30,21.4,3.0,0.0,13.0,London
2021-03-31,20.8,9.4,0.0,17.3,London
2021-04-01,14.8,5.4,0.0,23.2,London
2021-04-02,9.6,4.0,0.0,24.0,London
2021-04-03,8.8,5.3,0.0,22.9,London
2021-04-04,13.6,0.4,0.0,16.3,London
2021-04-05,7.4,1.7,0.1,30.2,London
2021-04-06,6.9,-0.7,0.2,24.0,London
2021-04-07,6.2,-1.9,0.0,21.0,London
2021-04-08,11.1,1.3,0.0,24.5,London
2021-04-09,12.4,3.9,0.7,16.7,London
2021-04-10,8.5,3.5,0.0,23.1,London
2021-04-11,8.6,-0.2,1.8,18.0,London
2021-04-12,9.1,-1.9,1.1,10.2,London
2021-04-13,11.2,-2.2,0.6,10.1,London
2021-04-14,11.0,1.0,0.0,19.2,London
2021-04-15,9.6,-0.6,0.7,21.3,London
2021-04-16,9.8,-1.4,0.0,12.2,London
2021-04-17,11.8,-1.5,0.0,15.1,London
2021-04-18,13.1,2.0,0.0,11.5,London
2021-04-19,15.4,1.2,0.0,15.0,London
2021-04-20,15.6,2.2,0.0,11.6,London
2021-04-21,13.6,4.7,0.4,23.4,London
2021-04-22,12.1,2.7,0.0,18.0,London
2021-04-23,15.1,1.4,0.0,19.1,London
2021-04-24,14.8,4.1,0.0,23.2,London
2021-04-25,12.6,4.2,0.0,26.6,London
2021-04-26,11.8,3.5,0.0,20.4,London
2021-04-27,14.6,1.2,0.0,14.2,London
2021-04-28,12.3,4.6,4.6,23.5,London
2021-04-29,11.2,3.1,0.4,19.8,London
2021-04-30,11.4,0.9,0.3,14.1,London
2021-05-01,12.2,0.9,0.6,16.4,London
2021-05-02,12.6,2.0,0.3,16.6,London
2021-05-03,12.2,4.6,4.7,46.4,London
2021-05-04,13.1,6.2,1.8,40.5,London
2021-05-05,12.2,3.3,3.0,24.3,London
2021-05-06,11.4,1.0,2.6,18.4,London
2021-05-07,12.6,3.5,0.1,18.9,London
2021-05-08,16.3,4.1,9.4,40.5,London
2021-05-09,19.3,12.5,2.0,27.9,London
2021-05-10,15.1,9.1,1.9,33.4,London
2021-05-11,15.7,5.9,0.6,26.0,London
2021-05-12,15.1,8.1,1.1,20.8,London
2021-05-13,12.9,8.4,5.3,18.3,London
2021-05-14,12.8,7.9,0.5,17.8,London
2021-05-15,12.9,8.0,3.4,16.9,London
2021-05-16,13.6,7.2,7.8,21.7,London
2021-05-17,16.4,8.0,3.7,18.5,London
2021-05-18,15.3,6.8,3.3,28.1,London
2021-05-19,15.9,8.4,5.7,23.1,London
2021-05-20,13.0,5.5,0.6,39.0,London
2021-05-21,13.2,9.7,4.0,47.9,London
2021-05-22,13.9,8.1,4.8,25.8,London
2021-05-23,12.6,4.9,6.8,34.2,London
2021-05-24,12.4,7.8,10.4,31.8,London
2021-05-25,14.5,6.8,0.8,27.8,London
2021-05-26,15.4,5.8,0.6,18.8,London
2021-05-27,18.5,6.2,0.0,13.0,London
2021-05-28,18.5,9.4,0.5,9.8,London
2021-05-29,19.6,9.4,0.0,17.3,London
2021-05-30,19.2,7.7,0.0,19.5,London
2021-05-31,22.2,8.1,0.0,18.1,London
2021-06-01,24.0,10.6,0.0,23.8,London
2021-06-02,25.8,11.5,0.1,19.3,London
2021-06-03,23.5,15.1,2.0,18.3,London
2021-06-04,17.6,11.9,6.7,14.4,London
2021-06-05,21.1,12.4,0.0,12.4,London
2021-06-06,20.5,11.4,1.1,10.1,London
2021-06-07,21.5,11.5,0.2,14.5,London
2021-06-08,23.0,11.2,0.0,14.0,London
2021-06-09,24.0,10.2,0.0,16.5,London
2021-06-10,22.7,14.2,0.4,18.8,London
2021-06-11,24.0,14.9,0.0,22.9,London
2021-06-12,22.1,13.8,0.0,13.8,London
2021-06-13,26.2,12.1,0.0,14.1,London
2021-06-14,27.3,13.7,0.2,14.8,London
2021-06-15,24.1,14.6,0.2,17.9,London
2021-06-16,27.0,12.6,0.8,16.5,London
2021-06-17,22.0,17.1,11.2,13.2,London
2021-06-18,17.4,12.4,29.1,26.4,London
2021-06-19,16.9,10.9,3.0,18.5,London
2021-06-20,18.0,12.4,5.5,18.6,London
2021-06-21,13.9,11.2,11.4,25.0,London
2021-06-22,15.6,10.2,0.6,27.0,London
2021-06-23,19.5,6.2,0.0,11.4,London
2021-06-24,19.9,7.7,0.4,15.2,London
2021-06-25,19.6,13.4,2.2,15.2,London
2021-06-26,21.0,11.2,0.1,13.6,London
2021-06-27,19.9,13.2,14.4,24.4,London
2021-06-28,19.9,14.7,7.8,17.8,London
2021-06-29,18.0,14.1,1.2,19.8,London
2021-06-30,16.4,11.8,0.4,14.5,London
2021-07-01,19.9,11.4,0.1,12.7,London
2021-07-02,22.6,13.5,0.9,14.5,London
2021-07-03,20.8,15.4,2.6,22.2,London
2021-07-04,20.2,14.6,5.0,27.8,London
2021-07-05,19.0,13.7,4.0,22.0,London
2021-07-06,18.1,13.1,8.5,36.6,London
2021-07-07,19.8,12.9,2.4,27.6,London
2021-07-08,20.3,13.2,2.0,14.1,London
2021-07-09,22.1,13.1,0.6,14.3,London
2021-07-10,17.9,13.4,1.5,10.3,London
2021-07-11,20.0,10.6,1.7,15.4,London
2021-07-12,20.5,14.0,16.0,13.2,London
2021-07-13,21.9,14.9,1.6,18.4,London
2021-07-14,23.0,13.9,0.3,21.1,London
2021-07-15,22.0,13.6,0.0,19.7,London
2021-07-16,24.3,10.3,0.0,17.0,London
2021-07-17,25.8,13.2,0.0,13.2,London
2021-07-18,29.1,13.8,0.0,9.3,London
2021-07-19,28.0,17.2,0.3,10.8,London
2021-07-20,28.8,16.4,0.0,17.3,London
2021-07-21,27.9,17.1,0.6,11.6,London
2021-07-22,26.2,15.8,0.0,14.1,London
2021-07-23,22.9,14.3,0.0,25.3,London
2021-07-24,21.9,15.5,14.3,24.6,London
2021-07-25,21.2,15.9,4.5,14.7,London
2021-07-26,23.5,15.8,2.2,15.3,London
2021-07-27,20.0,15.1,3.4,20.7,London
2021-07-28,19.5,14.4,6.1,31.0,London
2021-07-29,21.1,12.8,0.2,27.8,London
2021-07-30,19.5,14.6,2.6,39.2,London
2021-07-31,19.5,13.5,5.7,17.2,London
2021-08-01,19.9,13.5,4.2,15.2,London
2021-08-02,18.5,12.0,0.4,12.3,London
2021-08-03,20.4,10.6,0.8,11.0,London
2021-08-04,20.3,10.6,0.7,9.7,London
2021-08-05,19.9,13.2,2.1,26.0,London
2021-08-06,20.8,14.2,8.1,28.8,London
2021-08-07,19.4,13.6,3.7,26.8,London
2021-08-08,19.6,13.4,4.6,30.6,London
2021-08-09,20.0,13.1,10.1,24.4,London
2021-08-10,21.6,12.5,0.1,15.0,London
2021-08-11,22.5,12.3,0.0,19.0,London
2021-08-12,21.5,14.4,0.4,23.0,London
2021-08-13,21.6,13.1,0.3,24.0,London
2021-08-14,23.0,13.8,0.0,19.4,London
2021-08-15,22.1,14.6,1.2,24.5,London
2021-08-16,17.5,12.4,0.3,23.5,London
2021-08-17,18.8,10.7,0.6,21.9,London
2021-08-18,21.4,15.4,0.7,22.8,London
2021-08-19,20.2,13.9,0.5,17.4,London
2021-08-20,20.6,14.8,0.4,13.0,London
2021-08-21,20.2,13.9,5.5,12.5,London
2021-08-22,20.8,15.3,9.6,19.9,London
2021-08-23,20.4,13.4,0.1,16.9,London
2021-08-24,21.3,12.1,0.2,22.5,London
2021-08-25,21.1,13.2,0.0,18.3,London
2021-08-26,18.2,14.6,0.0,22.4,London
2021-08-27,18.0,11.9,0.0,16.4,London
2021-08-28,20.0,10.9,0.3,23.6,London
2021-08-29,18.3,9.6,0.0,20.2,London
2021-08-30,18.6,13.2,0.4,24.4,London
2021-08-31,19.5,13.9,0.2,23.9,London
2021-09-01,18.5,13.3,0.1,19.5,London
2021-09-02,18.4,14.1,0.0,21.3,London
2021-09-03,20.8,12.6,0.2,16.3,London
2021-09-04,19.1,12.6,0.4,17.9,London
2021-09-05,24.0,13.1,0.0,12.2,London
2021-09-06,26.4,12.8,0.0,10.5,London
2021-09-07,27.6,15.6,0.0,13.8,London
2021-09-08,27.8,15.6,0.0,18.2,London
2021-09-09,21.9,15.8,3.5,21.9,London
2021-09-10,20.8,16.0,3.4,18.1,London
2021-09-11,21.1,13.9,0.1,19.8,London
2021-09-12,20.0,12.4,0.2,13.0,London
2021-09-13,19.8,13.1,0.0,18.0,London
2021-09-14,18.7,14.6,14.7,14.8,London
2021-09-15,19.6,13.2,0.1,14.9,London
2021-09-16,21.4,10.2,0.0,12.2,London
2021-09-17,21.1,12.1,0.2,18.8,London
2021-09-18,22.4,12.1,0.6,13.8,London
2021-09-19,18.5,13.9,3.3,11.2,London
2021-09-20,19.0,12.0,0.1,19.1,London
2021-09-21,20.0,10.2,0.0,8.3,London
2021-09-22,20.5,9.2,0.0,17.8,London
2021-09-23,20.6,11.6,0.2,23.1,London
2021-09-24,22.6,12.5,0.0,16.4,London
2021-09-25,19.8,12.6,0.1,9.4,London
2021-09-26,21.2,12.9,0.4,20.8,London
2021-09-27,17.2,12.2,4.2,39.9,London
2021-09-28,16.7,10.5,12.0,26.9,London
2021-09-29,14.8,8.2,0.2,28.0,London
2021-09-30,16.2,6.7,2.9,36.0,London
2021-10-01,16.6,8.8,7.6,30.9,London
2021-10-02,16.9,7.2,21.9,37.1,London
2021-10-03,15.4,10.4,0.7,31.0,London
2021-10-04,15.7,10.6,1.1,25.0,London
2021-10-05,14.5,10.9,17.3,33.0,London
2021-10-06,16.2,9.8,0.0,27.0,London
2021-10-07,18.8,11.1,0.1,14.0,London
2021-10-08,18.7,12.8,0.1,11.2,London
2021-10-09,17.7,7.7,0.0,10.2,London
2021-10-10,17.9,8.2,0.2,15.2,London
2021-10-11,15.9,8.1,0.0,18.9,London
2021-10-12,15.4,7.2,0.3,18.2,London
2021-10-13,15.3,6.8,0.0,10.8,London
2021-10-14,16.9,8.9,0.2,21.1,London
2021-10-15,13.9,9.6,0.0,16.3,London
2021-10-16,15.2,8.1,1.3,13.3,London
2021-10-17,15.9,8.5,1.2,16.9,London
2021-10-18,16.2,7.8,4.8,21.9,London
2021-10-19,20.5,16.3,1.8,36.4,London
2021-10-20,17.5,12.0,34.0,33.9,London
2021-10-21,11.8,4.9,6.3,29.8,London
2021-10-22,12.8,4.9,0.0,24.8,London
2021-10-23,13.8,3.5,0.0,19.0,London
2021-10-24,14.8,8.0,0.0,22.8,London
2021-10-25,15.1,8.5,4.6,20.7,London
2021-10-26,16.5,7.4,0.0,27.7,London
2021-10-27,16.8,12.9,0.0,31.9,London
2021-10-28,16.4,12.1,0.0,26.3,London
2021-10-29,14.8,9.4,4.6,35.9,London
2021-10-30,14.3,8.6,4.4,21.2,London
2021-10-31,14.0,8.4,10.1,46.4,London
2021-11-01,13.0,5.5,0.7,27.3,London
2021-11-02,11.1,2.2,0.0,8.9,London
2021-11-03,9.9,1.2,0.4,14.8,London
2021-11-04,9.2,3.8,0.0,27.0,London
2021-11-05,9.1,-0.1,0.0,11.3,London
2021-11-06,13.0,6.2,0.1,32.1,London
2021-11-07,12.1,5.8,0.0,23.5,London
2021-11-08,11.8,2.5,0.0,11.9,London
2021-11-09,14.8,10.9,0.0,20.6,London
2021-11-10,13.2,9.8,0.0,11.0,London
2021-11-11,13.9,8.3,0.1,12.5,London
2021-11-12,14.9,8.4,1.1,25.8,London
2021-11-13,12.9,9.7,0.0,19.4,London
2021-11-14,13.1,7.1,0.0,19.0,London
2021-11-15,12.1,6.8,0.0,7.8,London
2021-11-16,11.0,4.9,0.3,10.9,London
2021-11-17,11.4,4.5,0.0,12.7,London
2021-11-18,13.7,4.6,0.0,20.8,London
2021-11-19,11.9,9.9,0.0,14.9,London
2021-11-20,10.9,8.4,0.1,13.7,London
2021-11-21,9.1,4.1,0.4,25.6,London
2021-11-22,9.7,4.0,0.0,21.3,London
2021-11-23,8.2,2.0,0.0,10.5,London
2021-11-24,7.1,3.2,0.0,9.7,London
2021-11-25,6.7,-0.2,0.0,16.9,London
2021-11-26,8.3,-0.1,2.9,28.1,London
2021-11-27,5.4,2.0,4.2,38.1,London
2021-11-28,3.7,-0.8,0.0,32.4,London
2021-11-29,3.8,-2.4,0.0,17.1,London
2021-11-30,11.6,4.1,0.4,29.1,London
2021-12-01,10.6,3.1,2.1,32.5,London
2021-12-02,4.7,-2.2,0.6,23.3,London
2021-12-03,8.8,-0.8,2.5,20.5,London
2021-12-04,7.6,3.2,4.9,25.1,London
2021-12-05,6.9,4.2,3.7,27.5,London
2021-12-06,7.0,0.4,2.1,29.7,London
2021-12-07,8.0,-0.2,8.8,36.1,London
2021-12-08,7.7,4.2,0.3,30.6,London
2021-12-09,7.7,2.0,4.3,22.9,London
2021-12-10,7.7,2.6,4.7,29.6,London
2021-12-11,10.6,0.2,3.5,20.7,London
2021-12-12,13.1,9.8,0.9,20.8,London
2021-12-13,11.4,9.4,0.0,22.2,London
2021-12-14,12.1,8.0,0.0,20.6,London
2021-12-15,12.9,8.2,0.5,17.7,London
2021-12-16,11.5,6.4,0.1,9.2,London
2021-12-17,8.6,6.1,0.0,14.8,London
2021-12-18,8.6,7.4,0.0,20.2,London
2021-12-19,8.1,5.8,0.0,11.8,London
2021-12-20,7.1,3.0,0.1,13.7,London
2021-12-21,6.0,-1.5,0.0,11.1,London
2021-12-22,4.4,-2.0,0.0,11.9,London
2021-12-23,10.6,0.9,0.7,22.1,London
2021-12-24,10.1,6.4,14.3,11.8,London
2021-12-25,8.1,5.8,2.6,24.6,London
2021-12-26,9.6,4.9,6.3,20.1,London
2021-12-27,10.8,5.2,6.5,23.4,London
2021-12-28,11.0,8.2,0.9,36.4,London
2021-12-29,14.8,5.9,2.9,30.7,London
2021-12-30,14.4,12.9,0.5,31.3,London
2021-12-31,14.6,12.3,0.4,29.8,London
2022-01-01,14.9,11.6,0.2,25.3,London
2022-01-02,13.1,8.9,2.0,29.5,London
2022-01-03,10.1,7.2,0.0,24.4,London
2022-01-04,7.9,1.1,2.5,21.0,London
2022-01-05,5.7,-1.6,0.0,21.3,London
2022-01-06,6.7,-3.8,2.2,30.9,London
2022-01-07,6.2,1.1,0.3,28.8,London
2022-01-08,9.6,0.6,7.9,27.4,London
2022-01-09,7.3,0.2,0.0,21.2,London
2022-01-10,8.2,-0.6,0.6,12.6,London
2022-01-11,9.4,7.7,2.5,15.6,London
2022-01-12,7.5,1.2,0.0,9.2,London
2022-01-13,5.5,-0.6,0.0,9.3,London
2022-01-14,3.8,-1.6,0.0,10.7,London
2022-01-15,5.4,-1.6,0.0,12.9,London
2022-01-16,7.8,0.2,0.0,11.3,London
2022-01-17,7.2,-0.4,0.0,9.8,London
2022-01-18,6.6,-1.5,0.0,10.7,London
2022-01-19,8.9,2.3,0.0,18.5,London
2022-01-20,5.1,-0.8,0.0,16.0,London
2022-01-21,4.9,-3.0,0.0,14.1,London
2022-01-22,6.5,-1.7,0.0,12.5,London
2022-01-23,5.8,3.0,0.0,5.8,London
2022-01-24,4.8,0.3,0.0,8.5,London
2022-01-25,3.0,0.5,0.0,8.0,London
2022-01-26,7.8,0.3,0.0,17.3,London
2022-01-27,11.9,1.9,0.0,21.4,London
2022-01-28,8.8,-0.6,0.0,20.8,London
2022-01-29,12.9,4.8,0.1,38.2,London
2022-01-30,7.2,-0.8,0.0,26.4,London
2022-01-31,7.9,3.3,0.7,33.9,London
2022-02-01,13.1,3.2,0.7,33.4,London
2022-02-02,11.5,5.8,0.0,23.9,London
2022-02-03,10.1,6.0,0.0,19.5,London
2022-02-04,9.1,3.0,3.7,29.8,London
2022-02-05,10.1,1.2,0.0,35.8,London
2022-02-06,10.8,5.9,4.0,39.2,London
2022-02-07,10.6,1.1,0.0,27.7,London
2022-02-08,12.2,8.8,0.0,30.1,London
2022-02-09,12.1,7.3,3.2,22.8,London
2022-02-10,8.6,2.5,0.6,18.4,London
2022-02-11,7.8,-1.0,0.0,14.7,London
2022-02-12,8.1,1.5,0.0,30.6,London
2022-02-13,9.6,6.7,10.5,36.2,London
2022-02-14,9.6,4.9,4.2,29.7,London
2022-02-15,9.6,2.0,6.6,34.5,London
2022-02-16,15.6,8.9,5.9,42.5,London
2022-02-17,11.1,6.7,0.1,38.3,London
2022-02-18,11.3,4.1,2.6,68.0,London
2022-02-19,8.9,2.7,5.2,41.4,London
2022-02-20,12.1,3.8,3.0,47.2,London
2022-02-21,10.4,3.8,0.3,42.9,London
2022-02-22,13.6,4.4,0.5,38.3,London
2022-02-23,10.4,2.2,0.1,31.4,London
2022-02-24,8.3,3.0,3.6,33.8,London
2022-02-25,10.4,1.0,0.0,26.8,London
2022-02-26,10.0,-0.3,0.0,22.0,London
2022-02-27,9.4,1.8,0.0,20.4,London
2022-02-28,12.5,5.1,3.0,26.1,London
2022-03-01,9.9,6.6,9.8,21.5,London
2022-03-02,7.9,4.6,9.2,16.2,London
2022-03-03,12.6,4.2,0.1,15.7,London
2022-03-04,9.0,4.9,2.3,14.1,London
2022-03-05,8.0,4.0,1.4,33.4,London
2022-03-06,7.1,2.5,0.3,28.5,London
2022-03-07,6.8,1.8,0.0,26.0,London
2022-03-08,10.7,0.1,0.0,20.6,London
2022-03-09,11.8,6.2,0.1,27.6,London
2022-03-10,14.2,7.6,0.0,21.3,London
2022-03-11,12.3,8.0,3.2,29.4,London
2022-03-12,11.6,6.7,1.6,29.4,London
2022-03-13,11.6,5.2,1.7,23.9,London
2022-03-14,12.3,1.9,1.2,16.3,London
2022-03-15,14.4,3.0,0.0,11.3,London
2022-03-16,12.8,6.4,10.7,20.8,London
2022-03-17,13.1,1.6,0.0,20.1,London
2022-03-18,14.6,2.8,0.0,18.8,London
2022-03-19,12.9,6.4,0.0,28.4,London
2022-03-20,10.4,2.3,0.1,21.6,London
2022-03-21,15.6,-0.8,0.0,12.2,London
2022-03-22,18.2,6.2,0.1,16.3,London
2022-03-23,18.4,3.4,0.0,10.6,London
2022-03-24,17.1,4.2,0.0,9.8,London
2022-03-25,16.2,1.9,0.0,16.2,London
2022-03-26,16.8,2.5,0.0,19.4,London
2022-03-27,12.4,5.0,0.0,19.5,London
2022-03-28,16.0,1.2,0.1,12.0,London
2022-03-29,12.5,6.9,0.3,18.0,London
2022-03-30,11.1,3.6,3.3,24.8,London
2022-03-31,7.3,0.3,0.7,34.7,London
2022-04-01,7.3,0.9,2.4,35.5,London
2022-04-02,8.4,-1.0,0.8,15.0,London
2022-04-03,9.2,-3.1,0.1,14.4,London
2022-04-04,14.7,4.0,3.4,29.9,London
2022-04-05,14.0,8.4,0.1,25.7,London
2022-04-06,13.6,8.1,2.4,35.4,London
2022-04-07,12.5,4.3,4.5,45.2,London
2022-04-08,10.7,2.2,1.6,16.9,London
2022-04-09,10.6,0.9,0.9,17.7,London
2022-04-10,13.4,1.5,0.0,16.6,London
2022-04-11,16.1,4.5,0.0,24.7,London
2022-04-12,18.5,9.2,5.0,24.5,London
2022-04-13,17.5,8.7,0.4,23.3,London
2022-04-14,18.0,5.8,0.0,9.4,London
2022-04-15,20.8,6.8,0.0,11.3,London
2022-04-16,17.8,7.1,0.0,14.9,London
2022-04-17,18.0,5.8,0.0,16.4,London
2022-04-18,16.0,5.3,0.0,12.3,London
2022-04-19,15.9,5.6,0.1,20.9,London
2022-04-20,17.3,6.6,0.0,23.2,London
2022-04-21,17.5,6.6,0.0,24.5,London
2022-04-22,15.4,7.8,0.1,32.3,London
2022-04-23,16.4,8.4,0.0,31.3,London
2022-04-24,17.6,7.9,0.0,23.9,London
2022-04-25,13.7,5.3,0.3,23.1,London
2022-04-26,14.8,4.0,0.0,18.4,London
2022-04-27,11.9,4.2,0.1,18.4,London
2022-04-28,14.0,4.2,0.1,16.9,London
2022-04-29,11.5,4.9,0.0,16.8,London
2022-04-30,16.2,2.2,0.0,13.5,London
2022-05-01,13.6,8.9,1.6,14.3,London
2022-05-02,15.7,6.5,0.4,7.6,London
2022-05-03,14.3,9.8,0.0,12.8,London
2022-05-04,18.1,9.4,4.5,16.9,London
2022-05-05,19.0,6.8,0.0,14.1,London
2022-05-06,21.0,8.7,0.0,20.2,London
2022-05-07,18.0,10.9,2.3,15.7,London
2022-05-08,17.0,8.0,0.0,15.4,London
2022-05-09,20.9,4.4,0.0,23.7,London
2022-05-10,18.6,13.4,1.5,24.7,London
2022-05-11,16.5,10.0,4.2,36.7,London
2022-05-12,17.4,7.1,0.0,22.5,London
2022-05-13,19.5,9.8,0.0,26.4,London
2022-05-14,20.9,6.8,0.0,10.9,London
2022-05-15,21.6,12.2,23.9,23.1,London
2022-05-16,19.2,12.4,2.6,29.9,London
2022-05-17,24.0,11.6,0.1,24.0,London
2022-05-18,21.3,10.8,7.2,17.8,London
2022-05-19,21.5,12.8,23.9,18.0,London
2022-05-20,17.0,11.3,4.0,27.4,London
2022-05-21,19.4,9.6,0.0,20.0,London
2022-05-22,21.7,8.8,0.0,13.8,London
2022-05-23,17.8,11.1,2.5,17.7,London
2022-05-24,15.9,9.3,4.0,18.4,London
2022-05-25,17.8,8.5,0.2,30.8,London
2022-05-26,20.1,10.4,0.0,29.6,London
2022-05-27,18.8,11.9,0.0,20.1,London
2022-05-28,16.5,8.0,0.1,18.7,London
2022-05-29,14.9,6.7,0.4,19.6,London
2022-05-30,14.2,5.8,1.5,18.9,London
2022-05-31,15.6,8.2,3.4,16.6,London
2022-06-01,17.2,6.7,0.0,12.0,London
2022-06-02,18.8,7.2,0.0,16.2,London
2022-06-03,21.9,10.1,0.2,23.4,London
2022-06-04,19.8,11.9,2.4,30.0,London
2022-06-05,16.5,11.4,5.3,19.5,London
2022-06-06,16.9,11.5,0.3,18.0,London
2022-06-07,19.8,9.7,3.5,17.3,London
2022-06-08,20.5,13.4,29.2,26.4,London
2022-06-09,19.5,10.4,0.4,21.2,London
2022-06-10,22.2,14.1,0.1,28.8,London
2022-06-11,21.5,11.4,0.5,25.0,London
2022-06-12,20.0,10.4,0.0,22.1,London
2022-06-13,19.2,9.5,0.0,11.6,London
2022-06-14,22.6,9.1,0.0,10.8,London
2022-06-15,26.0,9.6,0.0,10.8,London
2022-06-16,27.1,11.2,0.0,16.3,London
2022-06-17,30.1,15.1,0.2,25.7,London
2022-06-18,24.1,14.4,9.2,28.0,London
2022-06-19,18.2,10.4,2.0,20.6,London
2022-06-20,20.3,10.6,0.6,21.9,London
2022-06-21,22.8,9.1,0.0,10.8,London
2022-06-22,25.2,10.4,0.0,17.2,London
2022-06-23,23.5,11.2,0.5,15.1,London
2022-06-24,21.8,13.6,2.3,29.0,London
2022-06-25,19.1,12.5,0.9,25.9,London
2022-06-26,20.4,11.4,0.0,28.0,London
2022-06-27,19.1,11.0,2.0,28.8,London
2022-06-28,20.5,10.4,0.2,27.1,London
2022-06-29,20.5,13.0,0.9,21.7,London
2022-06-30,18.6,12.0,2.2,17.4,London
2022-07-01,20.2,10.1,0.7,26.0,London
2022-07-02,21.1,11.8,0.5,27.9,London
2022-07-03,21.2,10.4,0.0,17.7,London
2022-07-04,21.5,9.8,0.0,19.1,London
2022-07-05,21.8,9.9,0.0,18.9,London
2022-07-06,23.9,11.6,0.0,21.2,London
2022-07-07,24.0,16.1,0.0,18.9,London
2022-07-08,26.9,12.6,0.0,13.3,London
2022-07-09,25.6,14.6,0.0,14.9,London
2022-07-10,27.4,13.1,0.0,15.3,London
2022-07-11,29.7,14.9,0.0,15.8,London
2022-07-12,30.1,18.0,0.0,20.2,London
2022-07-13,27.0,19.0,0.4,12.5,London
2022-07-14,24.3,14.4,0.0,20.2,London
2022-07-15,24.9,12.6,0.0,19.0,London
2022-07-16,27.0,12.9,0.0,13.0,London
2022-07-17,29.4,14.9,0.0,15.1,London
2022-07-18,35.0,19.0,0.0,14.6,London
2022-07-19,37.9,20.8,0.9,22.5,London
2022-07-20,25.6,18.2,1.7,24.5,London
2022-07-21,24.0,17.0,0.6,16.6,London
2022-07-22,21.8,16.3,2.5,19.8,London
2022-07-23,26.1,13.8,0.1,24.0,London
2022-07-24,26.6,16.8,4.1,27.1,London
2022-07-25,24.0,17.3,0.0,28.1,London
2022-07-26,20.9,14.4,0.2,14.0,London
2022-07-27,21.0,12.2,0.1,17.3,London
2022-07-28,21.4,15.6,1.6,18.8,London
2022-07-29,25.8,13.1,0.0,12.2,London
2022-07-30,25.6,15.3,0.0,17.7,London
2022-07-31,25.5,17.8,0.6,29.1,London
2022-08-01,25.3,17.0,0.0,16.7,London
2022-08-02,25.4,17.5,0.2,25.6,London
2022-08-03,27.0,17.1,0.0,24.7,London
2022-08-04,24.2,16.8,0.0,17.7,London
2022-08-05,21.8,13.8,0.0,18.4,London
2022-08-06,23.1,10.5,0.0,13.2,London
2022-08-07,26.1,12.6,0.0,11.0,London
2022-08-08,27.9,13.6,0.0,19.2,London
2022-08-09,27.4,14.2,0.0,19.2,London
2022-08-10,28.6,14.3,0.0,16.6,London
2022-08-11,31.4,15.2,0.0,18.4,London
2022-08-12,31.8,16.5,0.0,19.4,London
2022-08-13,32.8,17.1,0.0,17.1,London
2022-08-14,32.0,17.5,0.0,17.5,London
2022-08-15,28.6,17.4,0.7,19.2,London
2022-08-16,22.6,17.7,3.6,18.2,London
2022-08-17,23.9,15.9,1.1,20.1,London
2022-08-18,25.1,14.8,0.6,16.4,London
2022-08-19,23.2,16.5,0.9,20.2,London
2022-08-20,23.4,12.9,0.0,22.5,London
2022-08-21,23.6,13.4,0.0,13.0,London
2022-08-22,22.0,11.9,2.7,15.9,London
2022-08-23,25.4,18.5,0.5,19.2,London
2022-08-24,27.1,18.5,0.6,17.9,London
2022-08-25,20.8,14.9,17.1,15.1,London
2022-08-26,22.8,12.2,0.0,8.3,London
2022-08-27,23.2,12.9,0.3,16.6,London
2022-08-28,22.3,12.9,0.0,18.7,London
2022-08-29,21.4,13.8,0.1,20.2,London
2022-08-30,23.1,13.9,0.0,23.3,London
2022-08-31,23.2,13.4,0.2,24.9,London
2022-09-01,23.9,15.2,0.7,23.6,London
2022-09-02,24.2,15.2,1.0,14.7,London
2022-09-03,24.1,13.6,1.4,20.0,London
2022-09-04,23.5,15.7,0.4,22.7,London
2022-09-05,23.6,16.1,4.9,21.4,London
2022-09-06,23.0,15.1,8.7,27.9,London
2022-09-07,21.0,15.1,4.4,21.8,London
2022-09-08,19.4,13.5,4.6,22.4,London
2022-09-09,20.0,13.4,1.1,18.0,London
2022-09-10,20.9,13.0,0.8,12.4,London
2022-09-11,22.5,12.6,0.0,15.5,London
2022-09-12,24.7,14.6,0.8,13.0,London
2022-09-13,20.2,15.9,2.8,16.3,London
2022-09-14,20.8,14.4,5.3,13.3,London
2022-09-15,18.5,11.6,0.8,15.4,London
2022-09-16,16.1,8.1,0.1,21.9,London
2022-09-17,16.3,6.4,0.0,18.3,London
2022-09-18,18.0,7.9,0.0,22.3,London
2022-09-19,16.9,8.9,0.3,8.6,London
2022-09-20,19.0,9.3,0.0,8.2,London
2022-09-21,19.1,9.3,0.0,8.2,London
2022-09-22,19.9,8.9,0.0,17.1,London
2022-09-23,18.2,12.4,2.6,15.3,London
2022-09-24,17.5,9.2,0.2,19.3,London
2022-09-25,15.8,7.8,0.0,16.3,London
2022-09-26,15.4,10.1,1.7,27.1,London
2022-09-27,14.1,7.8,2.4,26.1,London
2022-09-28,14.6,5.7,0.1,16.7,London
2022-09-29,15.7,5.0,0.0,10.7,London
2022-09-30,16.5,5.2,5.4,34.9,London
2022-10-01,18.5,10.9,0.2,25.6,London
2022-10-02,18.0,9.9,0.4,15.8,London
2022-10-03,18.1,6.6,0.0,14.0,London
2022-10-04,18.1,12.1,0.3,27.8,London
2022-10-05,18.6,11.6,0.9,44.4,London
2022-10-06,18.0,7.8,0.0,24.6,London
2022-10-07,18.2,11.6,0.5,31.5,London
2022-10-08,16.0,6.9,0.0,13.1,London
2022-10-09,17.5,5.5,0.0,19.6,London
2022-10-10,16.1,7.4,1.5,17.7,London
2022-10-11,14.6,4.8,0.0,11.0,London
2022-10-12,17.1,5.7,1.3,21.7,London
2022-10-13,16.4,10.4,9.3,13.8,London
2022-10-14,15.1,9.1,1.2,15.2,London
2022-10-15,16.6,7.4,0.2,30.0,London
2022-10-16,16.5,10.1,8.9,24.4,London
2022-10-17,18.1,10.0,3.4,20.7,London
2022-10-18,17.4,6.3,0.0,15.8,London
2022-10-19,16.1,11.6,2.3,30.5,London
2022-10-20,16.6,10.3,10.0,15.4,London
2022-10-21,17.6,10.1,5.9,29.0,London
2022-10-22,17.5,11.9,0.2,24.0,London
2022-10-23,18.4,13.2,12.5,27.5,London
2022-10-24,17.4,11.5,1.7,30.4,London
2022-10-25,16.9,10.3,0.2,19.5,London
2022-10-26,18.7,13.0,0.6,31.4,London
2022-10-27,20.1,11.9,4.0,26.9,London
2022-10-28,18.4,10.5,0.1,28.8,London
2022-10-29,21.3,10.5,3.0,17.3,London
2022-10-30,15.6,12.1,1.3,24.3,London
2022-10-31,17.0,11.6,6.6,24.9,London
2022-11-01,14.6,10.2,4.2,44.0,London
2022-11-02,15.2,8.4,2.5,36.1,London
2022-11-03,13.2,5.6,28.1,26.4,London
2022-11-04,12.3,6.0,3.1,17.8,London
2022-11-05,13.8,4.8,2.9,25.5,London
2022-11-06,14.1,10.2,20.4,24.6,London
2022-11-07,14.6,10.6,1.4,33.1,London
2022-11-08,15.2,11.1,4.7,34.9,London
2022-11-09,14.0,9.6,0.0,28.6,London
2022-11-10,15.4,9.2,0.0,32.7,London
2022-11-11,15.8,7.8,0.0,28.4,London
2022-11-12,16.3,8.4,0.0,12.1,London
2022-11-13,15.4,7.6,0.0,12.8,London
2022-11-14,15.1,6.4,0.3,20.2,London
2022-11-15,13.9,8.8,8.9,31.1,London
2022-11-16,12.1,7.9,19.4,29.5,London
2022-11-17,11.3,7.7,6.9,33.5,London
2022-11-18,11.4,5.4,2.2,23.6,London
2022-11-19,10.5,3.8,0.3,17.6,London
2022-11-20,10.6,2.3,6.1,22.7,London
2022-11-21,9.1,1.8,7.9,38.3,London
2022-11-22,9.8,2.8,0.1,25.6,London
2022-11-23,11.4,2.5,5.8,35.1,London
2022-11-24,12.5,5.8,2.9,31.9,London
2022-11-25,11.6,6.2,0.0,21.4,London
2022-11-26,12.2,5.9,0.9,28.4,London
2022-11-27,12.8,9.2,10.8,30.3,London
2022-11-28,10.4,3.0,1.5,10.4,London
2022-11-29,7.2,4.4,0.0,9.7,London
2022-11-30,8.8,3.5,0.1,8.4,London
2022-12-01,6.9,2.9,0.0,10.5,London
2022-12-02,7.6,3.2,0.3,20.1,London
2022-12-03,7.4,5.1,0.0,24.1,London
2022-12-04,5.9,4.1,1.6,21.1,London
2022-12-05,8.2,4.6,0.0,17.8,London
2022-12-06,6.4,3.2,0.0,13.8,London
2022-12-07,4.6,-2.5,0.0,11.7,London
2022-12-08,2.8,-4.0,0.0,11.5,London
2022-12-09,2.7,-4.3,0.0,11.3,London
2022-12-10,2.9,-3.9,0.0,11.5,London
2022-12-11,-0.8,-4.2,0.7,11.4,London
2022-12-12,1.5,-2.3,0.2,12.4,London
2022-12-13,0.7,-3.2,0.0,10.9,London
2022-12-14,0.6,-4.8,0.0,15.7,London
2022-12-15,0.7,-5.2,0.0,10.9,London
2022-12-16,1.6,-5.5,0.0,12.3,London
2022-12-17,5.0,-5.4,0.0,16.2,London
2022-12-18,8.0,-3.7,9.9,30.6,London
2022-12-19,12.8,8.6,4.9,37.3,London
2022-12-20,12.6,4.0,3.5,33.0,London
2022-12-21,10.6,3.5,0.9,20.7,London
2022-12-22,11.0,3.7,0.8,18.1,London
2022-12-23,12.7,7.7,7.8,25.4,London
2022-12-24,10.8,5.7,0.0,21.4,London
2022-12-25,11.1,8.2,0.1,20.7,London
2022-12-26,9.5,3.0,0.0,25.9,London
2022-12-27,9.9,1.9,3.8,34.7,London
2022-12-28,11.4,9.6,4.0,37.6,London
2022-12-29,9.8,4.9,0.3,33.4,London
2022-12-30,13.1,4.6,5.9,35.7,London
2022-12-31,13.1,9.7,10.6,35.8,London
2023-01-01,12.1,8.6,3.9,34.1,London
2023-01-02,8.5,0.9,0.6,15.5,London
2023-01-03,12.3,1.2,3.2,37.4,London
2023-01-04,13.1,9.9,0.9,35.9,London
2023-01-05,12.9,7.8,0.1,28.9,London
2023-01-06,11.9,5.7,1.2,32.3,London
2023-01-07,11.6,7.2,5.0,36.7,London
2023-01-08,8.9,4.8,1.4,28.8,London
2023-01-09,8.2,4.1,0.7,26.0,London
2023-01-10,12.5,3.2,6.4,36.7,London
2023-01-11,12.1,6.6,2.6,34.5,London
2023-01-12,12.1,7.1,5.7,40.7,London
2023-01-13,10.2,5.0,0.0,33.9,London
2023-01-14,12.1,5.7,11.4,40.4,London
2023-01-15,7.7,1.0,0.0,29.6,London
2023-01-16,5.0,-4.1,13.4,27.9,London
2023-01-17,2.5,-4.7,0.0,9.7,London
2023-01-18,4.5,-3.8,0.0,17.2,London
2023-01-19,4.1,-3.3,0.0,10.8,London
2023-01-20,5.9,-1.2,0.0,17.7,London
2023-01-21,5.3,-2.2,0.0,11.2,London
2023-01-22,1.5,-3.6,0.0,5.4,London
2023-01-23,3.2,-4.2,0.0,6.6,London
2023-01-24,4.8,-1.7,0.0,9.6,London
2023-01-25,5.7,-2.4,1.7,18.9,London
2023-01-26,7.8,2.7,0.3,23.7,London
2023-01-27,7.1,-1.5,0.0,21.5,London
2023-01-28,6.1,-2.2,0.0,11.2,London
2023-01-29,8.1,0.3,0.0,25.3,London
2023-01-30,8.9,1.1,0.0,23.5,London
2023-01-31,11.4,1.1,0.1,25.6,London
2023-02-01,9.8,3.2,0.0,31.1,London
2023-02-02,11.1,4.4,0.2,27.0,London
2023-02-03,12.3,6.3,0.0,22.7,London
2023-02-04,9.4,4.9,0.5,13.3,London
2023-02-05,8.5,-0.2,0.0,16.9,London
2023-02-06,8.4,-0.8,0.0,11.8,London
2023-02-07,5.8,-1.3,0.0,10.6,London
2023-02-08,7.2,-3.0,0.0,12.0,London
2023-02-09,9.2,-1.5,0.0,11.7,London
2023-02-10,7.8,-2.8,0.0,16.9,London
2023-02-11,10.6,6.1,0.0,12.7,London
2023-02-12,9.2,5.6,0.0,12.0,London
2023-02-13,11.4,1.9,0.0,12.6,London
2023-02-14,12.8,0.9,0.0,13.8,London
2023-02-15,12.9,1.1,0.0,19.3,London
2023-02-16,12.1,7.3,3.9,24.3,London
2023-02-17,13.6,9.4,0.1,36.2,London
2023-02-18,12.8,8.6,0.7,27.3,London
2023-02-19,12.1,6.2,0.0,18.5,London
2023-02-20,12.4,6.2,0.0,27.6,London
2023-02-21,10.9,4.5,0.0,13.2,London
2023-02-22,8.5,3.5,4.1,12.6,London
2023-02-23,8.3,2.2,1.7,23.9,London
2023-02-24,9.1,-1.1,0.0,15.2,London
2023-02-25,7.3,1.6,0.0,27.0,London
2023-02-26,7.7,1.1,0.0,27.6,London
2023-02-27,7.6,-0.5,0.0,20.9,London
2023-02-28,7.9,0.6,0.7,27.3,London
2023-03-01,7.2,3.9,0.6,19.2,London
2023-03-02,8.8,0.3,0.0,24.5,London
2023-03-03,6.3,0.9,0.4,19.6,London
2023-03-04,6.8,3.3,0.0,15.5,London
2023-03-05,4.9,-0.1,0.3,13.5,London
2023-03-06,8.9,-1.8,1.6,22.5,London
2023-03-07,4.4,-1.8,4.1,12.9,London
2023-03-08,2.5,-2.1,13.0,23.3,London
2023-03-09,11.8,2.0,6.0,21.0,London
2023-03-10,8.6,-1.6,4.6,33.2,London
2023-03-11,7.8,-3.6,1.1,16.7,London
2023-03-12,12.9,5.8,1.2,31.0,London
2023-03-13,13.9,9.6,0.9,50.4,London
2023-03-14,9.8,3.8,5.7,26.7,London
2023-03-15,8.4,-1.0,1.7,22.0,London
2023-03-16,13.9,7.5,2.4,28.1,London
2023-03-17,13.6,8.4,1.9,19.5,London
2023-03-18,13.1,8.1,4.0,14.0,London
2023-03-19,10.6,5.3,1.7,19.7,London
2023-03-20,12.8,7.1,3.2,25.6,London
2023-03-21,13.9,8.6,1.5,31.1,London
2023-03-22,14.5,10.0,2.2,35.0,London
2023-03-23,13.9,7.8,8.9,36.2,London
2023-03-24,12.8,7.3,1.7,35.4,London
2023-03-25,13.5,7.5,0.5,38.5,London
2023-03-26,8.6,3.2,8.1,22.2,London
2023-03-27,9.6,1.8,0.0,9.8,London
2023-03-28,9.0,3.4,1.9,25.8,London
2023-03-29,14.1,8.0,3.3,29.6,London
2023-03-30,15.1,10.1,2.9,31.8,London
2023-03-31,13.4,9.9,13.2,33.7,London
2023-04-01,11.6,8.1,1.2,21.2,London
2023-04-02,11.3,3.0,0.0,23.0,London
2023-04-03,11.0,0.3,0.0,18.5,London
2023-04-04,12.5,-0.9,0.0,13.3,London
2023-04-05,11.7,0.6,1.0,12.5,London
2023-04-06,13.4,5.6,4.9,22.8,London
2023-04-07,13.7,2.8,0.2,10.3,London
2023-04-08,13.6,2.5,0.0,11.0,London
2023-04-09,15.4,3.5,0.0,14.0,London
2023-04-10,14.2,7.8,9.1,33.0,London
2023-04-11,12.6,5.8,7.4,39.4,London
2023-04-12,10.6,4.8,3.3,46.0,London
2023-04-13,12.2,4.7,1.0,27.0,London
2023-04-14,9.9,2.3,8.1,21.3,London
2023-04-15,14.2,6.7,2.3,18.0,London
2023-04-16,15.1,5.0,0.0,10.5,London
2023-04-17,15.8,7.2,0.5,18.4,London
2023-04-18,11.9,7.0,0.2,32.2,London
2023-04-19,14.9,6.8,0.0,29.7,London
2023-04-20,14.6,5.1,2.3,29.4,London
2023-04-21,11.2,4.5,3.3,16.3,London
2023-04-22,13.3,1.5,1.5,17.7,London
2023-04-23,13.0,8.1,3.9,22.0,London
2023-04-24,11.9,5.3,13.8,20.4,London
2023-04-25,10.2,1.1,0.0,12.9,London
2023-04-26,11.6,3.2,0.0,15.1,London
2023-04-27,14.0,4.9,6.6,21.8,London
2023-04-28,17.4,8.1,0.8,22.5,London
2023-04-29,17.5,4.5,0.0,13.4,London
2023-04-30,17.0,4.8,0.0,15.9,London
2023-05-01,16.9,8.0,1.0,16.0,London
2023-05-02,13.9,6.8,0.0,18.8,London
2023-05-03,13.8,4.9,0.0,24.1,London
2023-05-04,18.8,7.8,0.9,24.8,London
2023-05-05,17.6,10.7,0.7,19.9,London
2023-05-06,14.8,8.6,5.6,23.3,London
2023-05-07,18.6,11.5,0.7,10.7,London
2023-05-08,15.7,9.0,2.6,23.4,London
2023-05-09,17.1,11.0,10.1,18.6,London
2023-05-10,17.4,9.2,6.2,22.0,London
2023-05-11,17.0,8.2,3.7,9.4,London
2023-05-12,12.7,8.8,1.9,32.0,London
2023-05-13,15.4,9.1,0.0,20.7,London
2023-05-14,19.0,6.8,0.7,11.5,London
2023-05-15,14.8,7.1,0.5,23.7,London
2023-05-16,16.8,5.2,0.2,21.9,London
2023-05-17,17.1,5.8,0.4,11.1,London
2023-05-18,17.6,8.9,0.2,14.1,London
2023-05-19,17.0,7.7,1.1,15.9,London
2023-05-20,18.6,6.7,0.1,22.9,London
2023-05-21,18.0,7.3,0.0,25.0,London
2023-05-22,19.2,9.2,0.0,24.2,London
2023-05-23,16.9,8.4,0.0,16.7,London
2023-05-24,20.8,7.4,0.0,14.9,London
2023-05-25,18.0,8.2,0.0,16.6,London
2023-05-26,17.7,7.8,0.0,20.9,London
2023-05-27,19.0,7.4,0.0,18.2,London
2023-05-28,20.9,6.2,0.0,25.3,London
2023-05-29,16.9,7.8,0.0,26.6,London
2023-05-30,16.6,8.1,0.0,27.1,London
2023-05-31,18.6,10.8,0.0,23.9,London
2023-06-01,18.0,10.1,0.0,23.0,London
2023-06-02,17.8,10.2,0.0,22.7,London
2023-06-03,21.4,7.4,0.0,21.9,London
2023-06-04,21.0,8.4,0.0,18.5,London
2023-06-05,18.0,7.9,0.0,20.4,London
2023-06-06,16.5,10.9,0.1,21.9,London
2023-06-07,20.4,8.4,0.0,19.7,London
2023-06-08,21.1,8.5,0.0,21.9,London
2023-06-09,23.9,10.8,0.0,22.9,London
2023-06-10,28.4,14.1,0.0,19.5,London
2023-06-11,29.9,15.4,0.0,11.5,London
2023-06-12,26.9,15.9,5.7,13.3,London
2023-06-13,27.0,13.1,0.0,24.4,London
2023-06-14,26.7,10.8,0.0,18.8,London
2023-06-15,25.9,11.6,0.0,17.3,London
2023-06-16,25.5,11.9,0.0,17.4,London
2023-06-17,24.0,12.2,2.1,13.8,London
2023-06-18,24.5,15.2,16.9,18.9,London
2023-06-19,22.9,14.1,0.9,21.6,London
2023-06-20,22.5,14.8,5.9,24.3,London
2023-06-21,23.5,14.8,1.0,16.5,London
2023-06-22,26.4,13.3,0.0,15.8,London
2023-06-23,25.7,14.6,0.0,17.9,London
2023-06-24,26.3,14.9,0.2,14.4,London
2023-06-25,29.0,14.9,0.1,27.8,London
2023-06-26,22.4,13.6,0.0,23.5,London
2023-06-27,21.9,14.1,0.0,20.5,London
2023-06-28,24.3,16.6,0.1,15.5,London
2023-06-29,22.0,15.7,5.9,15.7,London
2023-06-30,18.6,11.4,0.6,33.2,London
2023-07-01,21.6,17.2,0.2,24.4,London
2023-07-02,19.7,11.9,0.0,27.7,London
2023-07-03,19.4,11.6,0.7,33.5,London
2023-07-04,18.8,13.1,13.1,19.9,London
2023-07-05,19.3,10.7,6.1,23.8,London
2023-07-06,20.8,10.8,0.0,20.3,London
2023-07-07,27.8,11.2,0.0,17.9,London
2023-07-08,24.4,18.9,12.6,20.9,London
2023-07-09,22.5,15.3,4.9,22.1,London
2023-07-10,22.9,12.9,0.0,29.6,London
2023-07-11,22.6,17.0,3.2,27.5,London
2023-07-12,21.0,13.5,1.8,26.1,London
2023-07-13,21.3,12.9,0.5,22.1,London
2023-07-14,19.6,13.6,7.8,31.5,London
2023-07-15,19.6,14.8,1.4,43.9,London
2023-07-16,20.4,14.1,0.0,31.8,London
2023-07-17,21.1,12.2,0.6,22.5,London
2023-07-18,21.9,11.2,0.1,18.4,London
2023-07-19,22.5,13.9,0.4,20.0,London
2023-07-20,22.2,11.6,0.1,14.2,London
2023-07-21,19.9,11.6,0.1,17.7,London
2023-07-22,18.5,12.7,9.0,30.3,London
2023-07-23,22.5,15.9,2.6,31.4,London
2023-07-24,17.5,13.9,2.3,19.6,London
2023-07-25,19.8,12.0,0.7,17.6,London
2023-07-26,21.1,9.4,7.7,21.4,London
2023-07-27,21.5,16.2,7.4,27.4,London
2023-07-28,22.5,15.9,0.2,20.9,London
2023-07-29,21.8,15.2,0.7,26.1,London
2023-07-30,20.9,14.2,3.2,30.4,London
2023-07-31,20.9,15.6,2.6,27.9,London
2023-08-01,21.9,13.8,0.0,24.9,London
2023-08-02,19.4,14.7,18.8,32.3,London
2023-08-03,21.0,13.8,0.1,18.9,London
2023-08-04,19.4,12.8,0.4,16.9,London
2023-08-05,18.5,13.6,18.2,29.9,London
2023-08-06,18.5,10.5,0.9,24.5,London
2023-08-07,20.2,10.4,0.0,18.4,London
2023-08-08,17.5,10.9,2.4,23.2,London
2023-08-09,24.0,10.8,0.0,11.1,London
2023-08-10,25.6,12.6,0.0,16.6,London
2023-08-11,24.0,16.6,0.6,22.5,London
2023-08-12,21.0,13.9,0.5,32.6,London
2023-08-13,21.9,15.1,0.3,25.8,London
2023-08-14,21.6,15.6,3.8,31.5,London
2023-08-15,22.1,12.4,0.2,17.3,London
2023-08-16,24.6,12.6,0.2,16.2,London
2023-08-17,23.0,14.9,0.1,23.4,London
2023-08-18,24.8,16.0,4.2,22.3,London
2023-08-19,23.3,16.2,0.2,27.8,London
2023-08-20,24.0,14.9,0.4,19.1,London
2023-08-21,24.8,13.3,0.0,20.7,London
2023-08-22,24.4,14.5,0.0,18.6,London
2023-08-23,25.5,12.4,0.0,7.6,London
2023-08-24,25.1,15.4,1.3,14.0,London
2023-08-25,20.1,13.7,0.1,18.5,London
2023-08-26,19.4,11.4,1.2,17.2,London
2023-08-27,19.6,10.3,0.2,20.3,London
2023-08-28,20.5,10.7,0.2,15.5,London
2023-08-29,20.4,10.6,0.0,17.4,London
2023-08-30,19.6,10.9,0.3,21.0,London
2023-08-31,18.1,10.1,1.3,14.6,London
2023-09-01,22.0,13.6,1.4,6.4,London
2023-09-02,23.2,14.8,0.4,15.6,London
2023-09-03,24.7,12.9,0.0,12.4,London
2023-09-04,27.4,15.1,0.0,18.9,London
2023-09-05,27.7,15.8,0.0,16.9,London
2023-09-06,29.8,14.8,0.0,10.5,London
2023-09-07,29.9,17.2,0.0,13.7,London
2023-09-08,29.5,17.9,0.0,8.6,London
2023-09-09,31.4,17.5,0.0,7.6,London
2023-09-10,30.7,18.1,1.6,20.9,London
2023-09-11,24.9,17.0,0.0,18.6,London
2023-09-12,23.0,16.2,2.9,17.1,London
2023-09-13,19.8,12.1,0.1,19.5,London
2023-09-14,22.2,12.1,0.0,12.8,London
2023-09-15,24.9,10.8,0.0,13.5,London
2023-09-16,25.9,12.4,0.0,17.1,London
2023-09-17,21.0,14.9,4.8,26.3,London
2023-09-18,19.0,13.9,7.3,32.3,London
2023-09-19,19.3,13.3,0.4,45.6,London
2023-09-20,20.5,15.1,27.3,48.5,London
2023-09-21,17.6,10.6,5.5,17.1,London
2023-09-22,17.5,8.6,1.5,19.1,London
2023-09-23,17.1,8.2,0.0,16.1,London
2023-09-24,20.1,12.3,0.0,30.6,London
2023-09-25,21.5,14.4,0.2,25.2,London
2023-09-26,22.3,13.4,1.8,25.7,London
2023-09-27,21.5,13.2,0.0,28.7,London
2023-09-28,19.4,13.4,0.1,26.5,London
2023-09-29,19.0,13.1,2.4,23.1,London
2023-09-30,19.0,10.4,0.0,19.0,London
2023-10-01,22.5,14.9,0.0,22.4,London
2023-10-02,22.5,14.3,4.1,19.0,London
2023-10-03,18.2,12.3,0.3,25.9,London
2023-10-04,17.7,10.6,0.0,25.1,London
2023-10-05,18.5,11.9,0.2,22.1,London
2023-10-06,20.9,13.4,0.0,24.6,London
2023-10-07,22.9,13.7,0.0,21.9,London
2023-10-08,23.2,12.6,0.0,12.2,London
2023-10-09,23.1,12.6,0.0,11.0,London
2023-10-10,21.3,12.3,0.0,20.6,London
2023-10-11,20.5,14.1,0.4,25.3,London
2023-10-12,16.0,13.0,15.7,16.9,London
2023-10-13,20.5,10.4,14.2,38.3,London
2023-10-14,13.3,7.1,0.3,20.7,London
2023-10-15,10.4,4.2,0.0,14.2,London
2023-10-16,11.9,2.3,0.0,19.1,London
2023-10-17,14.4,9.1,0.0,27.8,London
2023-10-18,16.6,10.1,7.2,32.2,London
2023-10-19,17.7,14.4,6.0,33.2,London
2023-10-20,16.0,12.1,11.3,17.9,London
2023-10-21,16.1,9.6,3.4,21.8,London
2023-10-22,15.1,6.7,0.0,12.7,London
2023-10-23,14.9,6.8,0.8,16.3,London
2023-10-24,14.1,7.2,3.2,17.4,London
2023-10-25,13.8,7.9,0.8,16.2,London
2023-10-26,15.6,7.2,2.6,18.2,London
2023-10-27,14.2,7.1,1.0,17.8,London
2023-10-28,15.2,8.9,10.4,26.1,London
2023-10-29,12.3,9.1,6.7,24.7,London
2023-10-30,14.4,7.2,0.8,20.0,London
2023-10-31,14.1,6.5,2.4,15.2,London
2023-11-01,13.6,9.5,7.3,30.6,London
2023-11-02,11.6,9.1,21.3,42.8,London
2023-11-03,13.1,7.2,6.3,29.4,London
2023-11-04,12.6,5.0,5.5,26.5,London
2023-11-05,12.6,6.1,0.1,29.6,London
2023-11-06,12.6,6.5,0.0,25.6,London
2023-11-07,11.8,5.3,0.1,26.0,London
2023-11-08,12.9,5.8,3.3,35.8,London
2023-11-09,10.5,5.8,0.1,23.5,London
2023-11-10,9.3,4.2,1.7,20.3,London
2023-11-11,10.1,2.8,0.0,14.5,London
2023-11-12,9.2,3.3,2.0,12.4,London
2023-11-13,14.8,8.4,12.5,37.6,London
2023-11-14,12.3,8.7,6.1,28.5,London
2023-11-15,11.6,5.4,0.0,27.4,London
2023-11-16,7.5,3.5,3.0,13.8,London
2023-11-17,10.2,3.5,1.2,14.6,London
2023-11-18,14.6,7.8,5.5,26.1,London
2023-11-19,13.9,10.7,0.0,30.4,London
2023-11-20,11.8,7.7,3.0,24.2,London
2023-11-21,11.1,5.8,0.7,21.9,London
2023-11-22,9.8,3.0,0.0,15.7,London
2023-11-23,12.1,8.1,0.1,25.4,London
2023-11-24,11.7,2.1,0.2,25.3,London
2023-11-25,5.2,-0.4,0.0,13.4,London
2023-11-26,9.8,-0.9,3.8,18.0,London
2023-11-27,9.6,4.9,6.2,22.4,London
2023-11-28,6.6,0.8,0.0,21.4,London
2023-11-29,4.3,-1.1,0.0,10.0,London
2023-11-30,4.4,-2.8,0.0,19.1,London
2023-12-01,4.1,-2.2,0.0,17.4,London
2023-12-02,-0.4,-3.9,0.0,9.0,London
2023-12-03,7.6,-0.4,5.9,17.8,London
2023-12-04,7.8,5.6,8.9,25.4,London
2023-12-05,6.2,3.3,2.5,18.8,London
2023-12-06,4.3,0.8,0.0,12.3,London
2023-12-07,8.2,4.1,5.7,28.0,London
2023-12-08,10.8,5.6,0.0,21.4,London
2023-12-09,13.9,7.3,7.9,33.6,London
2023-12-10,11.7,6.9,2.1,33.2,London
2023-12-11,10.8,4.6,0.0,38.0,London
2023-12-12,11.4,7.1,7.3,21.3,London
2023-12-13,7.9,6.1,0.5,31.3,London
2023-12-14,7.4,1.6,0.9,20.3,London
2023-12-15,8.1,2.5,0.0,12.9,London
2023-12-16,11.2,4.6,0.0,21.2,London
2023-12-17,10.8,6.7,0.0,30.6,London
2023-12-18,11.9,7.7,0.0,25.0,London
2023-12-19,12.2,5.2,12.7,26.1,London
2023-12-20,10.4,4.9,0.0,27.3,London
2023-12-21,13.4,8.6,0.3,35.3,London
2023-12-22,11.1,8.2,0.3,33.6,London
2023-12-23,11.0,7.8,0.0,29.0,London
2023-12-24,13.2,10.6,1.2,33.8,London
2023-12-25,12.9,11.2,3.2,29.5,London
2023-12-26,10.4,4.0,0.0,24.6,London
2023-12-27,11.9,6.2,6.5,40.2,London
2023-12-28,11.6,9.1,0.4,40.5,London
2023-12-29,10.6,6.2,1.5,28.5,London
2023-12-30,11.4,5.1,3.0,37.0,London
2023-12-31,10.5,6.4,8.2,40.7,London
2024-01-01,10.1,5.8,8.3,30.6,London
2024-01-02,12.9,8.8,9.6,52.3,London
2024-01-03,10.4,6.4,2.3,25.9,London
2024-01-04,8.2,4.9,27.7,27.4,London
2024-01-05,7.1,4.4,4.6,33.7,London
2024-01-06,6.3,3.8,0.2,16.6,London
2024-01-07,4.7,1.5,0.0,22.2,London
2024-01-08,3.3,1.0,0.7,27.6,London
2024-01-09,4.0,0.6,0.0,31.4,London
2024-01-10,4.8,0.4,0.0,22.5,London
2024-01-11,5.5,-0.9,0.0,24.0,London
2024-01-12,6.8,3.8,0.0,18.1,London
2024-01-13,4.4,1.5,0.0,10.7,London
2024-01-14,5.7,1.6,1.6,17.1,London
2024-01-15,2.5,-4.0,0.0,18.8,London
2024-01-16,3.8,-4.5,0.0,11.8,London
2024-01-17,2.4,-2.3,0.0,19.9,London
2024-01-18,2.5,-5.1,0.0,15.3,London
2024-01-19,4.8,-3.8,0.0,13.7,London
2024-01-20,5.2,-0.9,0.0,26.9,London
2024-01-21,11.8,4.2,1.3,49.0,London
2024-01-22,12.4,6.8,6.0,50.1,London
2024-01-23,12.9,4.1,2.9,37.4,London
2024-01-24,12.9,6.7,0.1,36.1,London
2024-01-25,11.8,3.6,0.1,27.1,London
2024-01-26,12.1,2.5,1.6,33.2,London
2024-01-27,8.4,-0.4,0.0,18.7,London
2024-01-28,10.8,1.4,0.0,13.7,London
2024-01-29,12.9,7.7,0.0,23.7,London
2024-01-30,12.6,5.9,0.0,27.9,London
2024-01-31,10.9,3.2,0.4,29.0,London
2024-02-01,10.8,2.3,0.2,21.1,London
2024-02-02,12.6,3.0,0.0,31.8,London
2024-02-03,12.8,10.2,0.7,27.1,London
2024-02-04,13.2,9.9,0.1,35.4,London
2024-02-05,11.5,7.3,0.0,37.2,London
2024-02-06,13.2,10.5,5.8,38.7,London
2024-02-07,11.2,4.5,12.3,30.3,London
2024-02-08,12.2,2.9,16.1,25.3,London
2024-02-09,12.6,9.2,7.0,32.8,London
2024-02-10,11.4,7.7,3.3,13.9,London
2024-02-11,10.5,4.4,7.3,19.5,London
2024-02-12,9.1,2.0,0.0,16.3,London
2024-02-13,11.4,3.7,2.6,27.6,London
2024-02-14,13.9,10.6,2.2,26.8,London
2024-02-15,16.6,10.5,1.1,20.7,London
2024-02-16,12.9,6.8,2.0,23.8,London
2024-02-17,13.3,5.6,0.7,27.2,London
2024-02-18,14.8,8.1,13.2,27.2,London
2024-02-19,13.2,6.2,2.2,21.5,London
2024-02-20,11.9,5.4,0.1,30.0,London
2024-02-21,11.9,8.8,3.5,36.1,London
2024-02-22,11.6,3.4,11.5,33.4,London
2024-02-23,8.4,1.9,2.0,23.5,London
2024-02-24,8.1,-1.6,1.6,8.7,London
2024-02-25,8.9,-0.2,2.9,33.0,London
2024-02-26,8.6,3.3,1.4,43.7,London
2024-02-27,7.6,1.8,0.5,15.0,London
2024-02-28,10.8,5.5,1.3,25.1,London
2024-02-29,10.9,5.9,8.3,26.1,London
2024-03-01,8.4,3.2,6.6,34.9,London
2024-03-02,8.0,1.6,2.2,27.0,London
2024-03-03,9.0,-1.0,0.0,12.0,London
2024-03-04,11.1,-0.8,1.0,23.3,London
2024-03-05,10.6,4.3,1.9,21.8,London
2024-03-06,10.5,2.2,0.0,9.7,London
2024-03-07,10.4,2.9,0.3,25.6,London
2024-03-08,9.6,3.7,0.0,28.0,London
2024-03-09,12.8,6.4,0.4,24.5,London
2024-03-10,9.1,7.2,8.5,17.9,London
2024-03-11,10.4,6.6,2.0,19.8,London
2024-03-12,13.4,6.3,13.3,22.0,London
2024-03-13,13.1,10.1,0.5,31.4,London
2024-03-14,16.2,8.3,1.2,28.1,London
2024-03-15,14.3,9.8,1.3,31.8,London
2024-03-16,13.3,5.1,1.3,18.5,London
2024-03-17,15.2,9.2,6.4,20.5,London
2024-03-18,14.6,7.6,0.2,21.9,London
2024-03-19,12.4,9.8,0.2,23.2,London
2024-03-20,16.1,9.9,0.8,12.8,London
2024-03-21,14.4,5.8,0.0,22.1,London
2024-03-22,11.7,5.8,0.4,19.7,London
2024-03-23,9.7,3.3,1.7,32.0,London
2024-03-24,11.4,5.2,0.0,32.3,London
2024-03-25,11.6,3.2,0.9,22.3,London
2024-03-26,13.7,6.2,10.9,25.3,London
2024-03-27,11.0,5.0,3.9,35.0,London
2024-03-28,10.4,4.5,10.2,44.7,London
2024-03-29,12.9,7.2,5.0,31.6,London
2024-03-30,14.1,3.7,0.0,14.2,London
2024-03-31,12.0,5.1,0.3,25.3,London
2024-04-01,13.4,6.7,6.0,21.8,London
2024-04-02,14.2,7.9,4.3,27.1,London
2024-04-03,13.9,9.6,0.7,35.3,London
2024-04-04,14.9,9.4,3.5,32.8,London
2024-04-05,16.5,11.9,5.5,37.7,London
2024-04-06,19.4,13.1,0.1,36.1,London
2024-04-07,15.4,10.2,0.0,44.7,London
2024-04-08,17.0,8.6,1.7,22.0,London
2024-04-09,11.7,7.4,0.5,40.3,London
2024-04-10,12.9,4.5,1.7,32.2,London
2024-04-11,18.4,12.1,0.4,24.2,London
2024-04-12,19.4,9.8,0.0,26.2,London
2024-04-13,18.6,10.4,0.0,23.8,London
2024-04-14,13.8,7.8,0.0,19.7,London
2024-04-15,11.4,6.6,4.6,38.4,London
2024-04-16,13.0,5.5,4.6,32.1,London
2024-04-17,11.2,4.2,0.5,23.2,London
2024-04-18,12.6,3.2,0.9,21.0,London
2024-04-19,13.6,7.6,1.2,28.8,London
2024-04-20,10.2,3.2,0.2,24.2,London
2024-04-21,10.6,3.7,0.0,26.9,London
2024-04-22,8.1,3.0,1.0,12.2,London
2024-04-23,10.9,5.9,1.5,21.7,London
2024-04-24,9.1,2.4,0.0,21.1,London
2024-04-25,12.0,1.2,4.2,18.0,London
2024-04-26,11.9,2.0,0.0,13.1,London
2024-04-27,12.1,6.6,7.5,22.8,London
2024-04-28,11.4,6.6,14.0,27.1,London
2024-04-29,14.6,5.8,0.3,27.7,London
2024-04-30,17.4,7.2,0.4,25.2,London
2024-05-01,19.1,8.0,0.1,12.8,London
2024-05-02,19.6,10.6,2.5,22.4,London
2024-05-03,12.6,9.2,9.0,24.7,London
2024-05-04,15.4,6.8,2.7,13.1,London
2024-05-05,16.5,6.1,0.3,17.8,London
2024-05-06,15.2,7.8,9.7,15.8,London
2024-05-07,19.1,8.6,0.5,15.0,London
2024-05-08,19.5,7.9,0.0,9.9,London
2024-05-09,21.9,9.1,0.0,11.4,London
2024-05-10,22.1,9.9,0.0,17.4,London
2024-05-11,21.0,9.2,0.0,20.9,London
2024-05-12,24.8,12.0,0.0,19.5,London
2024-05-13,18.1,10.9,0.3,27.1,London
2024-05-14,16.9,13.4,6.6,21.0,London
2024-05-15,19.5,11.4,0.6,14.7,London
2024-05-16,17.3,9.5,2.1,10.0,London
2024-05-17,19.8,9.1,0.2,7.9,London
2024-05-18,19.3,11.2,1.6,13.8,London
2024-05-19,21.4,8.6,0.2,19.3,London
2024-05-20,20.1,8.8,0.1,16.2,London
2024-05-21,15.9,9.8,8.4,12.9,London
2024-05-22,15.1,12.5,14.3,22.4,London
2024-05-23,17.5,11.3,0.0,22.7,London
2024-05-24,17.5,7.2,0.0,12.9,London
2024-05-25,19.9,8.9,0.1,15.4,London
2024-05-26,18.5,12.1,5.4,27.9,London
2024-05-27,16.5,9.5,0.8,19.9,London
2024-05-28,18.4,9.7,4.0,32.0,London
2024-05-29,19.1,11.9,0.5,24.0,London
2024-05-30,17.5,11.1,3.4,22.9,London
2024-05-31,15.4,11.4,1.1,37.8,London
2024-06-01,16.5,8.9,0.0,27.8,London
2024-06-02,21.5,7.9,0.0,14.9,London
2024-06-03,19.6,10.4,0.3,12.6,London
2024-06-04,19.6,12.3,3.7,23.4,London
2024-06-05,15.4,6.2,0.0,20.9,London
2024-06-06,16.7,8.6,0.1,15.3,London
2024-06-07,18.1,7.4,0.1,20.9,London
2024-06-08,17.6,9.6,0.6,19.8,London
2024-06-09,16.9,6.3,0.0,22.3,London
2024-06-10,14.6,8.6,8.0,29.5,London
2024-06-11,15.1,6.6,2.0,14.1,London
2024-06-12,15.9,7.5,1.0,12.1,London
2024-06-13,15.9,7.1,1.6,26.2,London
2024-06-14,18.0,12.2,2.4,28.7,London
2024-06-15,17.3,9.6,2.6,34.8,London
2024-06-16,19.8,10.6,0.1,23.3,London
2024-06-17,20.7,9.9,0.0,17.1,London
2024-06-18,21.0,11.4,0.3,15.5,London
2024-06-19,19.7,11.4,0.0,22.9,London
2024-06-20,21.1,8.1,0.0,13.1,London
2024-06-21,23.0,10.3,0.1,25.5,London
2024-06-22,21.8,13.6,1.6,17.3,London
2024-06-23,23.0,10.6,0.0,10.8,London
2024-06-24,26.3,14.0,0.0,14.3,London
2024-06-25,28.0,12.9,0.0,18.1,London
2024-06-26,27.9,14.3,0.0,18.4,London
2024-06-27,23.2,15.0,0.0,26.0,London
2024-06-28,21.6,12.1,0.0,25.9,London
2024-06-29,22.8,10.1,0.0,7.6,London
2024-06-30,19.9,15.4,0.3,17.7,London
2024-07-01,19.4,12.7,0.1,20.5,London
2024-07-02,17.6,12.8,0.1,20.0,London
2024-07-03,18.5,12.6,1.6,21.6,London
2024-07-04,19.6,12.3,0.4,30.8,London
2024-07-05,21.0,13.4,22.0,28.7,London
2024-07-06,16.6,11.7,10.3,29.7,London
2024-07-07,17.5,10.1,12.3,24.7,London
2024-07-08,18.5,8.9,4.6,16.2,London
2024-07-09,19.9,14.7,18.3,20.4,London
2024-07-10,20.5,14.6,0.2,28.0,London
2024-07-11,21.4,11.6,0.3,18.9,London
2024-07-12,17.6,13.1,0.0,19.2,London
2024-07-13,18.4,10.9,0.6,14.3,London
2024-07-14,20.9,10.1,0.1,16.0,London
2024-07-15,21.5,10.9,7.0,18.9,London
2024-07-16,20.8,13.9,1.4,19.5,London
2024-07-17,22.4,11.6,0.0,14.3,London
2024-07-18,26.2,12.1,0.0,17.6,London
2024-07-19,29.5,14.5,0.0,14.8,London
2024-07-20,24.0,15.6,0.1,19.8,London
2024-07-21,21.9,16.5,0.0,15.5,London
2024-07-22,23.3,12.8,0.4,30.6,London
2024-07-23,23.0,16.7,2.1,20.2,London
2024-07-24,23.4,13.9,0.5,21.4,London
2024-07-25,20.2,15.8,2.3,26.5,London
2024-07-26,21.9,13.0,0.0,18.2,London
2024-07-27,22.0,12.6,0.0,14.7,London
2024-07-28,24.6,11.4,0.0,14.9,London
2024-07-29,27.0,12.9,0.0,16.0,London
2024-07-30,29.1,15.1,0.0,16.2,London
2024-07-31,26.5,17.7,0.3,21.3,London
2024-08-01,27.0,17.2,7.7,13.1,London
2024-08-02,26.1,16.8,1.5,19.5,London
2024-08-03,24.0,17.0,0.8,21.2,London
2024-08-04,22.4,12.4,0.0,17.2,London
2024-08-05,24.5,13.7,0.0,20.7,London
2024-08-06,21.9,15.4,2.2,22.4,London
2024-08-07,21.6,11.6,0.0,24.0,London
2024-08-08,21.0,12.4,0.1,33.8,London
2024-08-09,24.1,16.3,0.0,26.5,London
2024-08-10,23.5,13.9,0.0,24.8,London
2024-08-11,27.2,15.2,0.0,21.4,London
2024-08-12,31.2,18.2,0.0,20.0,London
2024-08-13,25.5,13.7,0.0,19.4,London
2024-08-14,24.1,16.5,0.6,11.3,London
2024-08-15,23.0,13.4,0.1,33.9,London
2024-08-16,23.4,15.9,1.2,20.5,London
2024-08-17,22.1,11.2,0.0,12.1,London
2024-08-18,25.0,12.3,0.0,17.3,London
2024-08-19,21.3,11.2,1.7,30.5,London
2024-08-20,22.4,14.8,0.3,25.1,London
2024-08-21,20.0,11.4,0.1,24.8,London
2024-08-22,19.8,15.3,0.7,40.2,London
2024-08-23,21.9,15.8,0.9,37.4,London
2024-08-24,17.6,13.0,11.4,19.8,London
2024-08-25,19.6,10.0,0.0,30.9,London
2024-08-26,22.0,13.9,0.0,22.3,London
2024-08-27,23.8,14.4,0.0,22.2,London
2024-08-28,27.0,12.6,0.0,17.8,London
2024-08-29,21.8,12.4,0.0,18.4,London
2024-08-30,22.1,10.8,0.0,18.3,London
2024-08-31,20.8,13.1,0.0,29.4,London
2024-09-01,26.8,16.0,0.0,22.0,London
2024-09-02,23.0,17.5,1.4,22.6,London
2024-09-03,21.8,14.6,2.9,16.1,London
2024-09-04,19.0,13.5,0.5,13.2,London
2024-09-05,21.3,13.7,9.3,34.2,London
2024-09-06,23.0,15.4,9.4,19.2,London
2024-09-07,21.0,12.6,6.2,11.0,London
2024-09-08,19.5,13.7,8.8,13.7,London
2024-09-09,17.6,12.6,0.0,26.3,London
2024-09-10,18.4,10.6,2.2,32.2,London
2024-09-11,15.5,8.0,3.9,30.1,London
2024-09-12,14.3,6.4,2.6,17.1,London
2024-09-13,15.8,5.6,0.0,10.8,London
2024-09-14,18.6,4.7,0.0,15.8,London
2024-09-15,19.2,8.0,1.5,17.8,London
2024-09-16,19.8,11.2,0.0,15.7,London
2024-09-17,20.5,9.6,0.0,22.4,London
2024-09-18,23.0,12.9,0.0,26.2,London
2024-09-19,24.0,14.7,0.1,26.1,London
2024-09-20,22.3,13.4,4.3,24.1,London
2024-09-21,23.0,14.9,0.4,15.5,London
2024-09-22,20.5,15.1,18.8,17.0,London
2024-09-23,18.0,14.7,48.7,23.7,London
2024-09-24,16.4,11.8,5.5,18.0,London
2024-09-25,17.0,10.6,10.0,21.9,London
2024-09-26,16.2,11.9,13.1,29.9,London
2024-09-27,12.8,7.5,2.9,29.3,London
2024-09-28,13.6,4.4,0.0,15.8,London
2024-09-29,14.6,6.1,5.1,27.6,London
2024-09-30,16.0,11.8,11.7,32.4,London
2024-10-01,14.3,10.6,12.7,27.5,London
2024-10-02,17.0,11.1,1.0,26.8,London
2024-10-03,15.4,8.0,0.0,18.3,London
2024-10-04,16.0,5.7,0.0,11.1,London
2024-10-05,16.7,6.1,0.0,18.6,London
2024-10-06,15.4,11.6,4.0,23.7,London
2024-10-07,17.4,11.5,10.2,20.7,London
2024-10-08,17.0,12.1,4.3,27.0,London
2024-10-09,16.4,12.4,2.1,22.1,London
2024-10-10,12.4,4.2,3.4,21.5,London
2024-10-11,12.0,1.9,0.0,12.1,London
2024-10-12,14.8,7.9,3.4,21.9,London
2024-10-13,10.6,4.8,0.0,21.6,London
2024-10-14,13.1,7.3,14.1,24.6,London
2024-10-15,16.8,9.8,0.2,19.7,London
2024-10-16,21.4,14.4,6.2,24.6,London
2024-10-17,17.4,9.4,2.7,17.2,London
2024-10-18,16.1,8.1,0.6,18.5,London
2024-10-19,16.4,9.9,7.3,21.1,London
2024-10-20,17.4,10.6,3.6,36.7,London
2024-10-21,14.1,9.9,1.7,23.7,London
2024-10-22,15.8,8.1,0.2,23.3,London
2024-10-23,16.2,7.9,0.2,15.5,London
2024-10-24,16.7,9.6,0.0,17.5,London
2024-10-25,17.6,10.6,4.2,15.9,London
2024-10-26,16.0,8.4,0.0,11.3,London
2024-10-27,14.2,6.0,0.0,15.3,London
2024-10-28,15.8,10.8,0.5,24.8,London
2024-10-29,15.6,11.6,0.6,11.5,London
2024-10-30,14.4,7.3,0.0,9.2,London
2024-10-31,14.2,6.4,0.0,8.0,London
2024-11-01,12.7,7.2,0.0,12.6,London
2024-11-02,14.4,10.2,0.1,13.4,London
2024-11-03,13.6,10.9,0.0,14.2,London
2024-11-04,12.6,9.4,0.0,11.0,London
2024-11-05,13.1,9.3,0.0,8.5,London
2024-11-06,12.3,9.6,0.0,6.8,London
2024-11-07,12.6,9.8,0.0,13.5,London
2024-11-08,10.2,7.6,0.2,14.1,London
2024-11-09,9.1,6.7,0.0,5.5,London
2024-11-10,11.2,4.2,0.0,11.2,London
2024-11-11,11.3,5.8,0.0,14.7,London
2024-11-12,12.1,5.7,0.0,28.9,London
2024-11-13,11.2,6.6,0.0,11.9,London
2024-11-14,11.5,6.8,0.5,11.3,London
2024-11-15,9.8,6.6,0.0,7.8,London
2024-11-16,10.6,3.8,0.6,11.4,London
2024-11-17,9.8,6.8,0.5,14.3,London
2024-11-18,7.8,5.3,9.2,13.1,London
2024-11-19,11.1,1.2,11.1,20.4,London
2024-11-20,4.8,-0.2,0.0,16.5,London
2024-11-21,3.0,-0.5,0.0,12.7,London
2024-11-22,6.2,0.3,1.5,18.7,London
2024-11-23,14.1,1.2,9.7,32.2,London
2024-11-24,17.3,13.3,9.0,32.8,London
2024-11-25,12.1,7.1,1.7,17.8,London
2024-11-26,9.3,5.2,0.1,12.0,London
2024-11-27,8.3,2.9,18.5,18.9,London
2024-11-28,4.7,0.4,0.0,8.4,London
2024-11-29,9.5,3.2,0.0,11.6,London
2024-11-30,13.7,7.7,0.0,12.0,London
2024-12-01,13.2,10.7,2.2,16.9,London
2024-12-02,11.6,7.7,0.4,17.5,London
2024-12-03,7.6,4.1,0.0,9.4,London
2024-12-04,9.4,2.5,0.7,18.3,London
2024-12-05,14.1,9.2,8.5,29.3,London
2024-12-06,10.4,6.4,0.3,26.7,London
2024-12-07,12.5,6.1,6.2,30.7,London
2024-12-08,7.7,6.6,8.1,28.5,London
2024-12-09,7.8,6.9,0.1,22.0,London
2024-12-10,7.0,6.1,0.1,18.8,London
2024-12-11,6.7,5.8,0.1,15.0,London
2024-12-12,7.2,5.2,0.2,9.3,London
2024-12-13,6.6,3.8,0.1,6.8,London
2024-12-14,7.7,3.8,0.3,12.1,London
2024-12-15,11.6,4.8,0.0,17.6,London
2024-12-16,11.1,8.1,0.2,17.8,London
2024-12-17,10.6,5.2,0.0,17.1,London
2024-12-18,13.9,10.3,3.8,28.8,London
2024-12-19,12.5,4.4,3.0,27.8,London
2024-12-20,8.3,2.5,0.7,15.6,London
2024-12-21,12.2,4.7,2.3,23.3,London
2024-12-22,7.8,4.2,1.8,24.6,London
2024-12-23,5.9,4.1,1.7,21.0,London
2024-12-24,12.1,6.1,0.0,12.1,London
2024-12-25,10.2,8.8,0.0,9.9,London
2024-12-26,8.8,6.8,0.0,4.4,London
2024-12-27,7.8,6.1,0.0,3.5,London
2024-12-28,6.4,4.8,0.0,8.3,London
2024-12-29,7.2,4.8,0.0,11.4,London
2024-12-30,8.9,6.3,0.0,16.4,London
2024-12-31,11.1,7.4,0.0,24.7,London
2025-01-01,11.8,5.2,10.5,30.6,London
2025-01-02,4.3,-0.4,0.0,9.2,London
2025-01-03,3.3,-1.2,0.0,10.6,London
2025-01-04,3.2,-1.6,1.8,15.5,London
2025-01-05,12.6,0.6,23.5,24.9,London
2025-01-06,11.9,2.5,7.4,31.6,London
2025-01-07,4.9,0.7,0.1,13.3,London
2025-01-08,1.8,-0.8,3.0,11.2,London
2025-01-09,3.0,-0.9,0.6,11.7,London
2025-01-10,1.4,-2.0,0.0,7.6,London
2025-01-11,1.6,-3.8,0.0,4.8,London
2025-01-12,3.2,-4.5,0.0,8.6,London
2025-01-13,5.9,1.5,0.0,11.0,London
2025-01-14,8.8,2.5,0.0,11.8,London
2025-01-15,10.0,7.6,0.0,7.0,London
2025-01-16,9.6,6.0,0.0,10.8,London
2025-01-17,6.4,3.5,0.0,8.1,London
2025-01-18,3.4,2.2,0.0,7.5,London
2025-01-19,3.3,1.8,0.2,8.5,London
2025-01-20,6.0,2.2,0.1,8.6,London
2025-01-21,4.9,-0.9,0.0,7.3,London
2025-01-22,4.3,2.2,1.0,9.2,London
2025-01-23,8.2,1.5,4.7,23.2,London
2025-01-24,10.8,6.4,3.8,33.5,London
2025-01-25,7.9,2.7,2.1,12.8,London
2025-01-26,8.9,1.6,8.3,30.2,London
2025-01-27,9.4,6.8,9.0,28.3,London
2025-01-28,9.5,7.2,4.0,24.8,London
2025-01-29,7.8,4.0,0.2,16.3,London
2025-01-30,7.5,1.9,0.0,13.2,London
2025-01-31,8.0,2.1,3.5,17.7,London
2025-02-01,6.9,2.8,0.0,10.6,London
2025-02-02,7.5,-0.4,0.0,9.6,London
2025-02-03,7.8,-1.2,0.0,11.3,London
2025-02-04,10.1,6.1,0.2,20.7,London
2025-02-05,9.1,2.5,0.0,11.8,London
2025-02-06,7.2,0.6,0.0,16.4,London
2025-02-07,4.0,2.5,4.6,22.7,London
2025-02-08,6.2,3.3,2.2,14.1,London
2025-02-09,5.8,1.3,1.0,14.7,London
2025-02-10,4.6,2.5,3.5,17.3,London
2025-02-11,5.0,2.5,0.0,11.2,London
2025-02-12,6.0,3.2,0.2,9.6,London
2025-02-13,4.7,2.3,0.2,11.0,London
2025-02-14,4.8,0.9,0.0,14.4,London
2025-02-15,5.6,1.8,0.9,10.1,London
2025-02-16,4.3,2.0,0.0,17.1,London
2025-02-17,5.1,-0.5,0.0,12.4,London
2025-02-18,6.3,-0.1,0.0,12.2,London
2025-02-19,7.8,1.4,0.0,10.8,London
2025-02-20,12.8,7.9,3.1,23.5,London
2025-02-21,15.0,11.1,5.3,21.5,London
2025-02-22,12.9,7.8,6.1,12.1,London
2025-02-23,10.8,6.6,1.4,25.2,London
2025-02-24,12.4,7.7,13.8,25.7,London
2025-02-25,10.4,5.3,0.8,12.0,London
2025-02-26,7.8,3.2,5.8,23.9,London
2025-02-27,9.1,3.2,0.0,15.9,London
2025-02-28,8.8,0.9,0.0,7.4,London
2025-03-01,8.8,0.1,0.0,7.5,London
2025-03-02,8.7,-1.2,0.0,6.3,London
2025-03-03,10.2,-0.8,0.0,5.0,London
2025-03-04,10.9,0.8,0.0,9.8,London
2025-03-05,12.9,1.0,0.0,8.4,London
2025-03-06,15.8,4.6,0.0,12.3,London
2025-03-07,16.0,9.6,0.0,12.8,London
2025-03-08,15.8,7.0,0.0,11.2,London
2025-03-09,16.1,7.1,0.0,11.0,London
2025-03-10,13.8,6.8,0.4,14.7,London
2025-03-11,8.1,4.2,0.4,17.2,London
2025-03-12,7.4,2.0,4.0,10.3,London
2025-03-13,7.1,1.5,0.7,16.0,London
2025-03-14,7.9,0.0,0.4,13.3,London
2025-03-15,7.7,0.9,0.2,18.1,London
2025-03-16,8.0,-0.3,0.0,17.4,London
2025-03-17,8.1,4.0,0.3,15.7,London
2025-03-18,10.1,2.3,0.0,14.8,London
2025-03-19,16.5,1.9,0.0,8.7,London
2025-03-20,19.1,5.7,0.0,10.4,London
2025-03-21,17.0,9.5,0.8,14.4,London
2025-03-22,15.5,10.9,1.4,12.4,London
2025-03-23,14.6,8.1,2.8,16.0,London
2025-03-24,12.6,7.1,0.0,12.7,London
2025-03-25,14.4,4.8,0.2,11.7,London
2025-03-26,15.6,9.3,0.3,9.3,London
2025-03-27,14.9,5.8,0.0,11.9,London
2025-03-28,14.2,7.4,0.8,16.3,London
2025-03-29,13.6,3.7,0.0,17.6,London
2025-03-30,15.9,9.6,0.0,20.0,London
2025-03-31,16.3,5.8,0.0,10.8,London
2025-04-01,13.6,5.3,0.0,19.8,London
2025-04-02,15.9,7.2,0.0,22.1,London
2025-04-03,18.5,8.8,0.0,16.9,London
2025-04-04,21.4,10.1,0.0,16.3,London
2025-04-05,17.8,6.4,0.0,18.0,London
2025-04-06,15.2,6.2,0.0,15.7,London
2025-04-07,14.9,4.2,0.0,11.8,London
2025-04-08,16.0,4.1,0.0,11.5,London
2025-04-09,13.5,3.8,0.0,13.8,London
2025-04-10,16.0,5.4,0.0,10.4,London
2025-04-11,22.5,6.4,0.0,10.4,London
2025-04-12,22.2,8.0,0.0,12.5,London
2025-04-13,16.5,11.0,0.3,16.6,London
2025-04-14,15.1,6.3,0.1,17.6,London
2025-04-15,17.5,9.9,9.8,17.9,London
2025-04-16,14.9,8.4,0.2,25.1,London
2025-04-17,17.4,5.8,0.0,12.2,London
2025-04-18,16.9,9.1,0.1,21.3,London
2025-04-19,16.0,8.1,0.2,19.9,London
2025-04-20,15.3,5.4,0.0,13.4,London
2025-04-21,16.1,9.6,3.7,11.7,London
2025-04-22,17.4,6.9,0.0,15.4,London
2025-04-23,11.9,8.4,9.5,20.1,London
2025-04-24,14.6,7.3,0.0,10.0,London
2025-04-25,15.2,5.9,0.0,11.4,London
2025-04-26,17.0,8.1,0.0,10.3,London
2025-04-27,20.6,8.0,0.0,8.9,London
2025-04-28,24.0,10.1,0.0,13.9,London
2025-04-29,23.0,10.6,0.0,12.3,London
2025-04-30,25.9,9.6,0.0,12.4,London
2025-05-01,28.5,11.8,0.0,11.8,London
2025-05-02,25.4,14.8,1.5,11.8,London
2025-05-03,21.3,10.9,0.0,19.9,London
2025-05-04,13.3,7.6,0.0,19.1,London
2025-05-05,13.4,5.1,0.9,25.1,London
2025-05-06,13.9,6.3,0.1,15.2,London
2025-05-07,16.6,6.0,0.0,17.2,London
2025-05-08,15.8,8.6,0.0,16.3,London
2025-05-09,18.0,6.2,0.0,16.5,London
2025-05-10,22.5,9.1,0.0,17.1,London
2025-05-11,24.0,11.0,0.0,14.1,London
2025-05-12,23.0,13.8,4.7,15.8,London
2025-05-13,23.4,12.9,0.0,15.2,London
2025-05-14,22.5,9.1,0.0,16.6,London
2025-05-15,15.1,8.6,0.0,19.0,London
2025-05-16,18.5,7.7,0.0,14.6,London
2025-05-17,18.6,8.9,0.0,13.8,London
2025-05-18,17.8,9.3,0.0,12.9,London
2025-05-19,19.5,10.4,0.2,14.9,London
2025-05-20,22.5,9.1,0.0,11.5,London
2025-05-21,18.0,12.0,3.0,14.9,London
2025-05-22,14.6,8.1,0.0,11.8,London
2025-05-23,18.4,6.8,0.1,16.3,London
2025-05-24,21.3,12.4,6.0,20.7,London
2025-05-25,19.6,13.5,1.0,23.2,London
2025-05-26,18.0,11.1,0.0,23.1,London
2025-05-27,16.9,13.4,6.6,26.1,London
2025-05-28,20.2,13.9,1.1,19.6,London
2025-05-29,24.0,13.7,2.1,23.7,London
2025-05-30,24.9,14.9,0.2,15.2,London
2025-05-31,27.5,16.5,0.0,17.6,London
2025-06-01,21.5,14.1,0.0,21.5,London
2025-06-02,21.8,12.4,0.4,18.0,London
2025-06-03,17.4,11.8,3.7,25.6,London
2025-06-04,18.0,10.5,0.1,19.0,London
2025-06-05,16.7,12.4,9.2,23.4,London
2025-06-06,18.9,10.9,0.9,20.2,London
2025-06-07,17.5,11.1,13.5,17.4,London
2025-06-08,17.1,9.2,0.0,18.2,London
2025-06-09,19.8,10.9,0.0,16.8,London
2025-06-10,22.0,13.1,0.2,18.0,London
2025-06-11,23.2,12.8,0.2,15.8,London
2025-06-12,25.0,14.1,0.8,15.0,London
2025-06-13,28.5,16.5,0.6,13.4,London
2025-06-14,23.5,16.3,4.6,20.2,London
2025-06-15,23.5,13.2,0.2,16.2,London
2025-06-16,27.3,14.7,0.0,12.7,London
2025-06-17,26.8,15.4,0.0,14.4,London
2025-06-18,28.8,15.9,0.0,9.9,London
2025-06-19,32.0,18.9,0.0,17.7,London
2025-06-20,28.8,17.5,0.0,12.6,London
2025-06-21,31.5,18.4,0.0,14.4,London
2025-06-22,26.8,17.6,0.0,24.2,London
2025-06-23,22.7,16.2,0.4,20.8,London
2025-06-24,24.4,14.1,0.3,23.2,London
2025-06-25,27.4,16.4,0.0,12.5,London
2025-06-26,24.1,17.5,3.7,22.9,London
2025-06-27,26.9,13.8,1.8,19.7,London
2025-06-28,30.1,18.5,0.1,17.1,London
2025-06-29,29.8,18.0,0.0,14.8,London
2025-06-30,31.9,18.7,0.0,12.2,London
2025-07-01,33.5,23.6,0.0,10.8,London
2025-07-02,24.1,17.0,4.1,16.4,London
2025-07-03,23.6,12.7,0.0,11.4,London
2025-07-04,26.1,14.4,0.0,17.3,London
2025-07-05,21.6,16.4,2.1,23.0,London
2025-07-06,22.5,17.3,3.8,15.3,London
2025-07-07,19.5,13.4,10.0,18.3,London
2025-07-08,21.9,12.4,0.2,13.8,London
2025-07-09,25.2,13.7,0.9,8.7,London
2025-07-10,30.0,17.7,0.0,12.2,London
2025-07-11,31.6,19.0,0.0,9.7,London
2025-07-12,28.8,19.9,0.0,12.4,London
2025-07-13,27.7,15.8,0.1,9.8,London
2025-07-14,24.9,18.3,0.9,23.2,London
2025-07-15,21.6,14.5,0.7,24.2,London
2025-07-16,23.8,15.1,0.0,17.0,London
2025-07-17,25.8,18.8,0.8,10.7,London
2025-07-18,29.4,18.1,0.0,12.3,London
2025-07-19,22.5,17.9,16.1,10.2,London
2025-07-20,20.4,16.1,2.8,17.2,London
2025-07-21,22.6,14.4,0.6,13.4,London
2025-07-22,22.3,15.2,1.0,12.3,London
2025-07-23,22.0,14.9,1.7,10.0,London
2025-07-24,20.8,15.4,0.9,16.4,London
2025-07-25,25.4,15.4,0.0,10.9,London
2025-07-26,23.2,15.9,0.2,11.2,London
2025-07-27,21.5,15.2,0.3,14.3,London
2025-07-28,24.1,14.9,0.0,13.7,London
2025-07-29,21.9,15.1,0.8,9.6,London
2025-07-30,24.7,16.1,0.8,14.0,London
2025-07-31,22.6,16.5,26.7,12.4,London
2025-08-01,19.7,13.1,1.2,16.2,London
2025-08-02,19.9,13.1,0.0,9.6,London
2025-08-03,23.0,12.8,2.5,17.2,London
2025-08-04,21.5,16.2,1.0,24.0,London
2025-08-05,20.7,13.1,0.0,19.7,London
2025-08-06,22.2,11.6,0.0,12.3,London
2025-08-07,23.0,14.6,0.0,19.8,London
2025-08-08,25.1,15.4,0.0,13.7,London
2025-08-09,24.8,14.4,0.0,17.1,London
2025-08-10,26.1,14.8,0.0,9.7,London
2025-08-11,29.6,16.4,0.5,12.2,London
2025-08-12,31.0,18.8,0.6,13.3,London
2025-08-13,27.8,18.2,0.0,14.6,London
2025-08-14,26.9,16.5,0.0,13.1,London
2025-08-15,29.5,17.8,0.0,15.1,London
2025-08-16,22.5,16.4,0.1,13.4,London
2025-08-17,24.4,12.9,0.0,12.6,London
2025-08-18,21.5,16.9,0.2,13.6,London
2025-08-19,25.0,15.1,0.1,16.5,London
2025-08-20,20.5,14.9,0.0,17.1,London
2025-08-21,20.0,13.5,0.1,14.6,London
2025-08-22,22.8,11.6,0.0,9.9,London
2025-08-23,21.9,16.0,0.0,9.9,London
2025-08-24,23.6,14.6,0.0,9.7,London
2025-08-25,26.0,15.1,0.0,12.6,London
2025-08-26,25.2,18.2,0.2,18.9,London
2025-08-27,21.8,15.5,1.3,20.8,London
2025-08-28,20.5,12.9,2.4,19.6,London
2025-08-29,19.6,14.3,19.5,14.8,London
2025-08-30,20.0,13.1,2.0,23.3,London
2025-08-31,20.1,13.9,0.9,21.3,London
2025-09-01,19.2,14.4,3.3,22.7,London
2025-09-02,19.0,12.8,1.8,15.4,London
2025-09-03,20.0,15.6,25.7,27.5,London
2025-09-04,18.8,14.1,4.7,20.7,London
2025-09-05,20.6,11.4,0.0,9.8,London
2025-09-06,22.0,13.3,0.0,17.6,London
2025-09-07,24.5,15.6,0.0,18.0,London
2025-09-08,19.5,13.6,0.1,13.4,London
2025-09-09,19.8,11.0,0.3,11.3,London
2025-09-10,18.0,14.3,7.7,19.4,London
2025-09-11,18.0,12.1,3.7,22.8,London
2025-09-12,17.6,10.9,4.4,18.4,London
2025-09-13,17.2,11.8,3.0,17.7,London
2025-09-14,17.8,9.2,3.5,26.3,London
2025-09-15,17.8,14.1,0.4,31.6,London
2025-09-16,18.3,12.0,0.0,21.8,London
2025-09-17,18.8,12.5,1.1,24.4,London
2025-09-18,21.5,16.0,0.0,21.9,London
2025-09-19,25.4,14.9,0.0,13.3,London
2025-09-20,21.1,13.8,0.0,24.5,London
2025-09-21,15.5,9.5,0.0,22.5,London
2025-09-22,15.6,7.5,0.0,16.2,London
2025-09-23,16.4,7.2,0.0,15.7,London
2025-09-24,17.5,9.6,0.0,16.1,London
2025-09-25,18.3,9.5,0.0,17.6,London
2025-09-26,16.0,9.4,1.1,15.7,London
2025-09-27,17.4,10.6,0.0,15.1,London
2025-09-28,16.8,11.8,0.5,9.4,London
2025-09-29,17.7,7.9,0.0,8.6,London
2025-09-30,18.3,8.9,0.0,6.4,London
2025-10-01,17.9,9.9,0.1,8.8,London
2025-10-02,18.5,10.2,0.0,15.7,London
2025-10-03,17.9,14.2,11.6,28.6,London
2025-10-04,17.1,11.3,4.4,31.5,London
2025-10-05,15.7,10.6,0.0,22.5,London
2025-10-06,18.5,9.6,0.0,11.4,London
2025-10-07,17.0,11.6,0.0,12.3,London
2025-10-08,16.8,11.3,0.4,8.2,London
2025-10-09,15.0,8.8,0.0,11.1,London
2025-10-10,15.8,12.0,0.1,7.2,London
2025-10-11,14.8,10.6,0.0,5.5,London
2025-10-12,15.0,7.4,0.0,9.1,London
2025-10-13,15.6,12.3,0.2,12.1,London
2025-10-14,13.6,10.8,0.1,11.1,London
2025-10-15,12.9,10.5,0.0,10.5,London
2025-10-16,15.4,9.5,0.0,7.8,London
2025-10-17,14.8,11.1,0.0,8.6,London
2025-10-18,14.6,11.1,0.0,13.5,London
2025-10-19,15.2,12.0,6.1,17.6,London
2025-10-20,14.6,11.8,3.4,17.3,London
2025-10-21,15.3,10.9,0.2,17.7,London
2025-10-22,14.6,8.9,7.8,15.3,London
2025-10-23,11.7,7.2,16.3,25.6,London
2025-10-24,11.9,5.8,0.0,20.2,London
2025-10-25,11.8,6.5,1.1,17.4,London
2025-10-26,10.9,4.9,0.7,19.3,London
2025-10-27,12.8,9.9,0.0,26.7,London
2025-10-28,14.4,11.2,0.3,21.0,London
2025-10-29,12.4,7.7,4.7,14.9,London
2025-10-30,12.9,5.6,0.0,17.7,London
2025-10-31,15.7,12.8,4.2,22.7,London
2025-11-01,15.8,9.4,4.7,25.9,London
2025-11-02,12.2,7.5,3.8,14.8,London
2025-11-03,15.9,7.4,1.3,20.7,London
2025-11-04,15.4,13.6,0.0,19.9,London
2025-11-05,17.1,14.5,0.1,19.7,London
2025-11-06,16.6,14.1,1.1,14.3,London
2025-11-07,14.9,12.1,0.3,12.7,London
2025-11-08,14.1,9.1,2.9,12.0,London
2025-11-09,14.0,5.2,0.0,15.9,London
2025-11-10,13.1,8.7,5.8,18.5,London
2025-11-11,14.8,8.3,1.0,21.6,London
2025-11-12,16.4,13.2,0.8,23.6,London
2025-11-13,16.7,12.9,4.6,15.7,London
2025-11-14,14.3,12.1,15.2,14.0,London
2025-11-15,13.2,10.4,0.3,10.1,London
2025-11-16,10.6,6.7,0.6,12.9,London
2025-11-17,7.6,3.2,0.0,16.2,London
2025-11-18,6.9,-0.1,0.1,12.9,London
2025-11-19,4.9,0.9,6.3,24.9,London
2025-11-20,3.6,-1.4,0.0,15.0,London
2025-11-21,5.7,0.6,0.0,13.8,London
2025-11-22,7.8,0.9,10.4,19.6,London
2025-11-23,10.0,5.6,9.7,22.5,London
2025-11-24,6.8,4.2,1.6,17.3,London
2025-11-25,6.6,3.7,0.0,16.8,London
2025-11-26,8.4,-0.1,0.4,15.1,London
2025-11-27,13.2,8.8,1.4,19.2,London
2025-11-28,13.2,8.6,0.2,18.6,London
2025-11-29,11.4,5.1,3.9,24.2,London
2025-11-30,7.6,3.0,0.0,12.5,London
2025-12-01,11.8,6.6,5.5,30.3,London
2025-12-02,10.7,6.9,3.8,21.7,London
2025-12-03,9.2,3.4,0.8,12.6,London
2025-12-04,8.1,2.8,6.1,16.6,London
2025-12-05,9.0,-0.3,10.6,30.2,London
2025-12-06,11.8,8.9,1.0,20.6,London
2025-12-07,14.1,8.2,4.3,25.6,London
2025-12-08,13.8,10.4,0.4,16.5,London
2025-12-09,14.4,11.9,6.9,24.9,London
2025-12-10,12.8,8.4,0.0,19.4,London
2025-12-11,11.6,7.7,0.0,14.2,London
2025-12-12,12.1,7.1,0.2,13.8,London
2025-12-13,9.1,3.3,0.0,12.5,London
2025-12-14,10.4,6.2,0.0,18.3,London
2025-12-15,11.3,9.9,0.0,18.1,London
2025-12-16,11.4,7.0,4.5,12.7,London
2025-12-17,9.9,1.7,0.0,21.3,London
2025-12-18,12.6,10.1,17.5,30.6,London
2025-12-19,11.2,6.7,0.4,18.8,London
2025-12-20,9.1,4.0,0.0,11.4,London
2025-12-21,10.3,7.1,4.3,16.2,London
2025-12-22,10.6,7.7,1.7,13.9,London
2025-12-23,7.6,5.9,0.1,16.1,London
2025-12-24,5.8,3.5,0.0,24.6,London
2025-12-25,5.1,3.0,0.0,23.3,London
2025-12-26,5.8,3.2,0.0,17.9,London
2025-12-27,7.4,2.5,0.0,22.2,London
2025-12-28,7.1,4.5,0.0,14.8,London
2025-12-29,6.1,3.0,0.0,11.9,London
2025-12-30,6.1,1.9,0.0,12.2,London
2025-12-31,2.7,-1.3,0.0,11.4,London
